facility_name,street,city,state,zip,violation_program,violation_type,inspection_date,naics_code
A  & S FINISHING LLC,20540 W SUPERIOR STREET,CHATSWORTH,CA,91311,CWA,No,,
A  A STEPPING STONE MANUFACTURING INC,10291 OPHIR RD,NEWCASTLE,CA,95658,CWA,No,03/01/2024,
A  B SANDBLAST CO,2447 E 54TH ST,LOS ANGELES,CA,90058,CWA,No,,
A  D PLATING INC,2265 MICRO PL  A,ESCONDIDO,CA,92029,CWA,No,,
A  M MARBLE INC,909 ARLEE PL,ANAHEIM,CA,92805,CWA,No,,
A  M REINFORCING SPECIALISTS INC,10520 KENNEY ST,SANTEE,CA,92071,CWA,No,09/20/2022,
A  M WELDING INC,16935 S BROADWAY ST,CARSON,CA,90248,CWA,No,,
A  S METALS RECYCLING INC,2261 E 15TH ST,LOS ANGELES,CA,90021,CWA,No,,
A & A INC,"12031 PHILADELPHIA STREET, BLDG 2",WHITTIER,CA,90601,CWA,Yes,08/21/2019,
"A & A MACHINING,INC",1251  ALMA CT,SAN JOSE,CA,94301,CWA,No,,
A & A READY MIXED CONCRETE INC DBA A & A CONCRETE SUPPLY,212 RAILROAD STREET,COLFAX,CA,95828,CWA,No,,
A & A READY MIXED CONCRETE INC DBA A & A CONCRETE SUPPLY,8272 BERRY AVE,SACRAMENTO,CA,95828,CWA,No,10/17/2017,
"A & G MACHINE SHOP, INC.",1352 BURTON  AVENUE,SALINAS,CA,93901,CWA,No,,
A & I FINISHING INC,5981 MAYWOOD AVENUE #A,HUNTINGTON PARK,CA,90255,CWA,No,03/06/2018,
A & I PALLETS LLC,9405 S ALAMEDA STREET,LOS ANGELES,CA,90002,CWA,No,,
A & L MANUFACTURING CO INC,7623 BALDWIN PLACE,WHITTIER,CA,90602,CWA,No,09/13/2019,
A & M MARBLE INC,909 ARLEE PL,ANAHEIM,CA,92805,CWA,No,,
A & S METALS RECYCLING INC,2261 15TH,LOS ANGELES,CA,90021,CWA,No,01/25/2010,
A & Z GRINDING INC,1543 NADEAU STREET,LOS ANGELES,CA,90001,CWA,No,01/03/2018,
A & Z GRINDING INC,1543 NADEAU ST,LOS ANGELES,CA,90001,CWA,No,,
A &S AUTO WRECKING INC,895 SHERIDAN ROAD UNIT F,ARROYO GRANDE,CA,93420,CWA,No,03/06/2019,111998
A 1 BUDGET AUTO DISMANTLING INC,42234 4TH ST E,LANCASTER,CA,93534,CWA,No,,
A 1 GRIT COMPANY,10338 POPLAR AVE,FONTANA,CA,92355,CWA,No,,
A 1 HESPERIA RECYCLING COMPANY INC,16666 SPRUCE STREET,HESPERIA,CA,92345,CWA,No,,
A 1 METALS &  AUTO SALVAGE INC,5795 STOCKDALE RD,PASO ROBLES,CA,93446,CWA,No,05/18/2022,
A ALPHA WAVEGUIDE INC,1217 E EL SEGUNDO BLVD,LOS ANGELES,CA,CA,CWA,No,06/18/2021,
A AND M DISMANTLING INC,716 BELL AVE,SACRAMENTO,CA,95838,CWA,No,,
A BETTER BID CA LLC,2821 S INDUSTRIAL DR UNIT B,BLOOMINGTON,CA,92316,CWA,No,,
A BETTER BOX COMPANY,8689 BOWERS AVE,SOUTH GATE,CA,90280,CWA,No,08/19/2019,
A CAR AUTO WRECKING INC,10756 KADOTA AVE,MONTCLAIR,CA,91763,CWA,No,,
A F M ENGINEERING INC,1313 E BORCHARD AVE,SANTA ANA,CA,92705,CWA,No,02/08/2019,
A F M ENGINEERING INC,1313 E BORCHARD AVE,SANTA ANA,CA,92705,CWA,No,,
A F MACHINE & TOOL CO INC,950 W HYDE PARK BLVD,INGLEWOOD,CA,90302,CWA,No,09/12/2019,
A GEO DIACK INC,1250 S JOHNSON DR,CITY OF INDUSTRY,CA,91745,CWA,No,,
A GERMAN AUTO WRECKING INC,301 SAN JOSE AVE,SAN JOSE,CA,95125,CWA,No,,
A H MACHINE INC,214 N CEDAR AVE,INGLEWOOD,CA,90301,CWA,No,09/12/2019,
A J FASTENERS INC,2800 E MIRALOMA AVE,ANAHEIM,CA,92806,CWA,No,,
A L GILBERT CO,304 N YOSEMITE AVE,OAKDALE,CA,95361,CWA,No,,
A LA ROCCA SEA FOOD INC,PIER 45 BLD B10,SAN FRANCISCO,CA,94133,CWA,No,,
A LUA RECYCLING INC,16090 MOUNTAIN AVENUE,CHINO,CA,91760,CWA,No,,
A M FINISHING INC,928 E SOUTH ST,ANAHEIM,CA,92805,CWA,No,,
A M FINISHING INC,928 E SOUTH ST,ANAHEIM,CA,92805,CWA,No,,
A M FINISHING INC,1273 N GROVE ST,ANAHEIM,CA,92806,CWA,No,05/13/2019,
A M P S MACHINING LLC,384  UMBARGER RD A.,SAN JOSE,CA,95111,CWA,No,,
A M S TRANSPORTATION CO,1700 24TH,OAKLAND,CA,94607,CWA,No,,
A NEW VIEW WINDOWS & DOORS INC,3445 E LA PALMA AVE,ANAHEIM,CA,92806,CWA,No,,
A P X GEAR LLC,1816 N AMERICAN ST,ANAHEIM,CA,92801,CWA,No,09/21/2018,
A PLUS LABEL CORP,3215 W WARNER AVE,SANTA ANA,CA,92704,CWA,No,,
A PLUS MACHINING INC,1619 W 135TH ST,GARDENA,CA,90249,CWA,No,11/14/2023,
A PLUS PRECISION MACHINING INC,1390 FLYNN RD # G,CAMARILLO,CA,93012,CWA,No,,
A RAFANELLI WINERY & VINEYARDS LP,4685 WEST DRY CREEK ROAD,HEALDSBURG,CA,95448,CWA,No,,
A TO Z BUS SALES INC,1900 SOUTH RIVERSIDE AVENUE,COLTON,CA,92324,CWA,No,,
A TRIBUTE TO GRACE WINE COMPANY,53 INDUSTRIAL WAY,BUELLTON,CA,93427,CWA,No,,
A WINE VALLEY EXPERIENCE LIMOUSINE INC,933 WATER ST,NAPA,CA,94559,CWA,No,10/18/2019,
A&A FABRICATION AND POLISHING CORPORATION,610 SOUTH VAIL AVENUE,MONTEBELLO,CA,90640,CWA,Yes,,
A&A TOOL&DIE MACHINING CORP,1266 SOUTH LYON STREET,SANTA ANA,CA,92705,CWA,No,02/08/2019,
"A&B AUTO SALVAGE, INC",1034 EAST CESAR E CHAVEZ,LOS ANGELES,CA,90033,CWA,No,10/15/2021,
A&J PROTOTYPING AND TOOLING INC,2670 WALNUT AVE,TUSTIN,CA,92780,CWA,No,,
A&M BIAS CORPORATION,2618 E 53RD ST,HUNTINGTON PARK,CA,90255,CWA,No,,
A-1 JAY'S MACHINING INC,2228  OAKLAND RD,SAN JOSE,CA,95131,CWA,No,,
A-H PLATING INC,1837 VICTORY PL,BURBANK,CA,91501,CWA,No,09/05/2006,
"A-W ENGINEERING CO., INC","8528 DICE ROAD, -",SANTA FE SPRINGS,CA,90670,CWA,No,01/29/2018,
"A.I.C. UPHOLSTERY, INC.",2415 56TH STREET,VERNON,CA,90058,CWA,No,06/19/2018,
A1 AUTO DISMANTLERS INC,2707 PITTSBURG ANTIOCH A,ANTIOCH,CA,94509,CWA,No,,
A1 ENGRAVING CO. DBA DIVERSIFIED IMAGES INC.,8225 PHLOX STREET,DOWNEY,CA,90241,CWA,No,,
A1 GRIT COMPANY,1901 MASSACHUSETTS AVE,RIVERSIDE,CA,92507,CWA,No,06/21/2022,112112
A1 METAL PRODUCTS INC,2707 SUPPLY AVENUE,COMMERCE,CA,90040,CWA,Yes,11/16/2021,
A1 METAL PRODUCTS INC,2707 SUPPLY AVENUE,COMMERCE,CA,90040,CWA,No,08/13/2018,
A1 RECYCLING CO INC,2655 ELKHORN BLVD,RIO LINDA,CA,95673,CWA,Yes,02/10/2022,
A1 RECYCLING INC.,2655 ELKHORN BLVD,RIO LINDA,CA,95673,CWA,No,,
A1 SHOWER DOOR CO,2019 S RITCHEY ST,ANAHEIM,CA,92705,CWA,No,,
"A20 WATER COMPANY, INC.","727 BREA CANYON RD., UNIT 9",DIAMOND BAR,CA,91789,CWA,No,,
A2Z PLATING CO,1467 S SUNOL DRIVE,LOS ANGELES,CA,90023,CWA,Yes,05/16/2025,
AAA AUTO RECYCLING LLC,42130 COUNTY ROAD 25,WOODLAND,CA,95776,CWA,No,,
AAA FOREIGN AUTO RECYCLING INC,1851 NIRVANA AVE,CHULA VISTA,CA,91913,CWA,No,,
AAA PLATING  INSPECTION INC,424 DIXON,COMPTON,CA,90222,CWA,Yes,,
AAERO SWISS INC,22347 LA PALMA AVE,YORBA LINDA,CA,92887,CWA,No,,
AAK USA RICHMOND CORP,1145 HARBOUR WAY SOUTH,RICHMOND,CA,94804,CWA,Yes,01/12/2023,
AARDVARK CLAY  SUPPLIES INC,1400 E POMONA ST,SANTA ANA,CA,92705,CWA,No,,
AARON METALS CO INC,750 105TH AVE,OAKLAND,CA,94603,CWA,No,,
AARON METALS CO INC,750 105TH AVE,OAKLAND,CA,94603,CWA,No,06/28/2012,
AARON METALS HAYWARD INC,25101 CLAWITER ROAD,HAYWARD,CA,94545,CWA,No,11/29/2022,
AARONS TRUCK SALVAGE INC,1026 EAST CESAR CHAVEZ AVE,LOS ANGELES,CA,90033,CWA,No,09/05/2018,
"AASE BROTHERS, INC",709 E ADELE,ANAHEIM,CA,92805,CWA,No,,
AAW INC,13900 S BROADWAY,LOS ANGELES,CA,90061,CWA,Yes,05/02/2024,
AB DIE CASTING CO BENDA,900 ALFRED NOBEL DR,HERCULES,CA,94547,CWA,No,,
AB TRUCK TRUCK PARTS CO,15204 ARROW,BALDWIN PARK,CA,91706,CWA,No,01/19/2023,
ABA DABA RENTS INC,7448 AUBURN BLVD,CITRUS HEIGHTS,CA,95610,CWA,No,06/29/2022,
ABA ENERGY CORPORATION,VBC #1 SOURGRASS ROAD,CORNING,CA,17880,CWA,No,08/24/2011,
ABA ENERGY CORPORATION,VBC #2 - UNNAMED ROAD,CORNING,CA,177880,CWA,No,08/24/2011,
ABACOR INC,766 GABLE WAY,EL CAJON,CA,92020,CWA,Yes,,
ABAXIS INC,3240 WHIPPLE ROAD,UNION CITY,CA,94587,CWA,No,,
ABAXIS INC,3280 WHIPPLE ROAD,UNION CITY,CA,94587,CWA,No,,
ABAXIS INC,30411 WHIPPLE ROAD,UNION CITY,CA,94587,CWA,No,,
ABB INC,3601 E LA PALMA AVE,ANAHEIM,CA,92806,CWA,No,08/08/2018,
ABBOTT CARDIOVASCULAR SYSTEMS INC,26531 YNEZ RD,TEMECULA,CA,92591,CWA,No,,
ABBOTT LABORATORIES INC,2302 COURAGE DR AND 2351 WATNEY,FAIRFIELD,CA,94533,CWA,Yes,,
ABBOTT MEDICAL OPTICS INC,1700 EAST SAINT ANDREW PLACE,SANTA ANA,CA,92705,CWA,No,,
ABC BATTERY INC,10810 GARFIELD AVENUE,SOUTH GATE,CA,90280,CWA,No,08/22/2019,
ABC BUS INC,7980 ENTERPRISE AVENUE,NEWARK,CA,94063,CWA,No,,
San Joaquin Valley Rehabilitation - Oakhurst Outpatient Center,HWY 41/OAKHURST,OAKHURST,CA,93644,CWA,No,06/16/2004,,True
Dairy St,DAIRY RD,ELK GROVE,CA,95624,CWA,No,12/09/2002,,True
Sleepy Hollow Community Center,101SLEEPY HOLLOW,SAN ANSELMO,CA,94960,CWA,No,,,True
Montgomery Ave & Nuevo Rd,EAST OF NUEVO RD AND MONTGOMERY AVE,NUEVO,CA,92567,CWA,No,,,True
I-80,ROUTE 80 NEAR THE EAST END OF THE YERBA,OAKLAND,CA,94607,CWA,No,,,True
I-5,SHASTA COUNTY INTERSTATE 5 PM 39 TO 41,LAKEHEAD,CA,96051,CWA,No,04/26/2018,,True
CubeSmart Self Storage,900 ORLANDO AVENUE,ROSEVILLE,CA,95661,CWA,No,09/03/2020,,True
Love's Travel Stop,NB 5 FREEWAY AT WB HIGHWAY 46,LOST HILLS,CA,91342,CWA,No,,,True
CA-180,E HWY 180,CENTERVILLE,CA,93657,CWA,No,,,True
19342 Live Oak Canyon Rd,19342 LIVE OAK CANYON RD,TRABUCO CANYON,CA,92679,CWA,No,,,True
Hidden Valley Pkwy,HIDDEN VALLEY OFF RAMP NB I15,NORCO,CA,92860,CWA,No,,,True
Solano Transportation Authority,INTERCHANGES BETWEEN INTERSTATE 80 INTERSTATE 680,FAIRFIELD,CA,94534,CWA,No,,,True
Klamath,DN 101 PM 8.2 TO 8.7,KLAMATH,CA,95548,CWA,No,,,True
US-101,ROUTE 101 FROM 0.2 MILE SOUTH,KLAMATH,CA,95548,CWA,No,,,True
Camino De Estrella,CAMINO DE ESTRELLA TO SAN JUAN CREEK ROAD,SAN CLEMENTE,CA,92673,CWA,No,,,True
Mokelumne River,SAN JOAQUIN COUNTY NEAR TERMINOUS FROM MOKELUMNE R,LODI,CA,95242,CWA,No,,,True
Stockton,BETWEEN GARFIELD ST OH AND NAVY DR AND,STOCKTON,CA,95205,CWA,No,,,True
Pauma Valley,PAUMA VALLEY,PAUMA VALLEY,CA,92061,CWA,No,,,True
1 Channel Island,SEC OF PUEBLA ST AND SAXONY ROAD,ENCINITAS,CA,92024,CWA,No,,,True
海王星 洛杉矶潜水 口碑最好的PADI 五星潜水培训中心，Ocean One Scuba Center ，Please call to make an appointment! WeChat: oceanone1520,1652 WEST ORANGE GROVE AVENUE,POMONA,CA,91767,CWA,No,,,True
Dave's Auto Wrecking - Chula Vista,811 ENERGY WAY,CHULA VISTA,CA,91911,CWA,Yes,,,True
The Printing Train,2211 E WINSTON RD,ANAHEIM,CA,92806,CWA,No,,,True
100 W Caribbean Dr #100,100 CARIBBEAN,SUNNYVALE,CA,94089,CWA,No,,,True
100 1st St #100,100 FIRST STREET,LOS ALTOS,CA,94022,CWA,No,,,True
100 Moffett Apartments,100 MOFFETT BOULEVARD,MOUNTAIN VIEW,CA,94043,CWA,No,,,True
1000 Country Club Dr #1000,1000 COUNTRY CLUB DRIVE,MILPITAS,CA,95035,CWA,No,,,True
1000 Fremont Ave,1000 FREMONT AVENUE,ALHAMBRA,CA,91803,CWA,No,,,True
101 S Seaward Ave,800SEAWARD,VENTURA,CA,00000,CWA,No,,,True
101 Vertical Fabrication Inc,10255 BEECH AVE,FONTANA,CA,92335,CWA,Yes,03/06/2024,,True
10101 Riverford Rd,10101 RIVERFORD DRIVE,LAKESIDE,CA,92040,CWA,No,,,True
Skyline Terrace Apartments,1013 1037 WEST FIGUEROA TERRACE,LOS ANGELES,CA,90012,CWA,No,,,True
The Office BOSS Mail Center,10153RIVERSIDE,TRUCKEE,CA,96161,CWA,No,,,True
1031 Meadow Brook Rd #1031,1031 MEADOWBROOK ROAD,CREST PARK,CA,92326,CWA,No,09/16/2021,,True
1040 Greenway Dr #1040,1040 GREENWAY DRIVE,BIG BEAR CITY,CA,92314,CWA,No,,,True
The Dorchester,UNKNOWN,LOS ANGELES,CA,00000,CWA,No,09/03/2003,,True
10550 Bellagio Pl,10550 BELLAGIO DRIVE,BEL AIR,CA,90077,CWA,No,08/16/2023,,True
1077 E Arques Ave #1077,1077 EAST ARQUES,SUNNYVALE,CA,94085,CWA,No,,,True
1085 Thompson Ave #1085,1085 THOMPSON AVENUE,NAPA,CA,94558,CWA,No,,,True
1091 Industrial Rd #120,1091 INDUSTRIAL,SAN CARLOS,CA,94070,CWA,No,,,True
Beaumont,10TH AND 11TH STREETS,BEAUMONT,CA,00000,CWA,No,,,True
World Depot Inc.,1001 NORTH TODD AVENUE,AZUSA,CA,91702,CWA,No,,,True
El Centro,ROUTE 8 AT BROWKER ROAD OFF RAMP EB WB,EL CENTRO,CA,91342,CWA,No,01/15/2019,,True
I-10,PUENTE AVENUE AND CITRUS STREET,BALDWIN PARK,CA,91706,CWA,No,,,True
Scheid Vineyards - Winery & Tasting Room,737 FT NORTHEAST OF 1972 HOBSON AVE AT HWY 101,GREENFIELD,CA,93927,CWA,No,,,True
Newbury Vista Homes,1200 NEWBURY RD,THOUSAND OAKS,CA,91320,CWA,No,,,True
G12,1200 SOUTH GRAND AVENUE,LOS ANGELES,CA,90015,CWA,No,,,True
Home Builders Azusa,1201 TODD AVE,AZUSA,CA,91702,CWA,No,,,True
1203 E Elmwood Ave 1203 e,1203 E ELMWOOD AV,BURBANK,CA,91501,CWA,No,,,True
Balfour ARCO,HWY 4,BRENTWOOD,CA,94513,CWA,No,,,True
The Olive Center Building,1211 SOUTH OLIVE STREET,LOS ANGELES,CA,90015,CWA,No,,,True
magnolia,ROUTE 5 AND134 SEPARATION TO MAGNOLIA,BURBANK,CA,91505,CWA,No,01/23/2019,,True
Security Paving,BUENA VISTA ST AND ROUTE 5,BURBANK,CA,91501,CWA,No,03/01/2019,,True
Martindale Manufacturing,1444 ALPINE PL,SAN MARCOS,CA,92078,CWA,No,,,True
1270 Columbia St,1270 COLUMBIA,SAN DIEGO,CA,92101,CWA,No,,,True
Lakeshore Ave,12TH AND LAKESHORE AVE,OAKLAND,CA,94607,CWA,No,,,True
1310 3rd Ave 1310 3rd,1310 3RD AVE,CHULA VISTA,CA,00000,CWA,No,,,True
Frank C Alegre Trucking Inc,5100 WEST HIGHWAY 12,LODI,CA,95242,CWA,No,,,True
Artisan Crossing,1325 OLD COUNTY,BELMONT,CA,94002,CWA,No,,,True
LUXE CA HOMES | Brian A. Sturges,UNKNOWN,CALABASAS,CA,00000,CWA,No,,,True
Pacific Quality,1355 W IMPERIAL HIGHWAY,BREA,CA,92821,CWA,Yes,05/03/2023,,True
Long Beach International Gateway,ROUTE 47 FROM PM 4 TO PM 5,LONG BEACH,CA,90802,CWA,No,10/26/2018,,True
13th St,13TH ST BTWN YUCAIPA BLVD CHAMPAN HEIGHTS RD,YUCAIPA,CA,92399,CWA,No,,,True
Johnson Garden Center,SAN MARTIN AVE,MORGAN HILL,CA,94550,CWA,No,,,True
144 Baroda Dr #144,144 BARODA DR,LOS ANGELES,CA,90077,CWA,Yes,05/02/2024,,True
144 Baroda Dr #144,144 BARODA DR,LOS ANGELES,CA,90077,CWA,No,,,True
Air National Guard Recruiter,5323 E MCKINLEY,FRESNO,CA,93727,CWA,No,,,True
The Cooper,UNKNOWN,CORONA,CA,92880,CWA,No,,,True
"Douglas Elliman of Beverly Hills, CA",150 EL CAMINO,BEVERLY HILLS,CA,90212,CWA,No,02/28/2023,,True
Lyric Apartments,1500 N CALIFORNIA BLVD,WALNUT CREEK,CA,94596,CWA,No,,,True
"HP Inc, Building 1",1501 PAGE MILL,PALO ALTO,CA,94304,CWA,No,,,True
The Louella Apartments - Venice Luxury Apartments,1503 VENICE,LOS ANGELES,CA,90291,CWA,No,,,True
151 Tara St #151,151 TARA ROAD,EAST PALO ALTO,CA,94503,CWA,No,02/02/2024,,True
Calistoga Realty Co. Inc.,1510 DIAMOND MOUNTAIN RD,CALISTOGA,CA,94515,CWA,No,,,True
Reverie Winery Estate,1520 DIAMOND MOUNTAIN RD,CALISTOGA,CA,94515,CWA,No,,,True
ReadySpaces,153 W ROSECRANS AVE,ROSEWOOD,CA,90248,CWA,No,08/09/2019,,True
Buena Vista Landfill,1544BUENA VISTA,WATSONVILLE,CA,95076,CWA,No,,,True
1614 Hilts Ave #1614,1614 HILTS,LOS ANGELES,CA,90024,CWA,No,,,True
1620 Electric Ave,1620 ELECTRIC,LOS ANGELES,CA,90291,CWA,No,,,True
Presidio Parkway Tunnels,RT 101 FROM 1 MILE SOUTH TO HALF MILE NORTH OF ROU,SAN FRANCISCO,CA,94129,CWA,No,,,True
165 Woodridge Rd #165,165 WOODRIDGE ROAD,HILLSBOROUGH,CA,94010,CWA,No,01/15/2020,111998,True
16501 Ventura Boulevard,16501 VENTURA,ENCINO,CA,91436,CWA,No,06/16/2021,,True
17 Crest Rd E #17,17 CREST ROAD,ROLLING HILLS,CA,90274,CWA,No,,,True
1720 Villa St 1720 VILLA,1720 VILLA,MOUNTAIN VIEW,CA,94040,CWA,No,,,True
17433 Tramonto Dr,17433 TRAMONTO DRIVE,PACIFIC PALISADES,CA,90272,CWA,No,,,True
1811 Oak Ave,1811 OAK AVE,CARLSBAD,CA,92008,CWA,No,,,True
185 Roberta Dr #185,185 ROBERTA DRIVE,WOODSIDE,CA,94062,CWA,No,,,True
18770 Flying Tiger Dr,18770 FLYING TIGER DR,LOS ANGELES,CA,90013,CWA,No,12/02/2009,,True
The Bedford Espirit Apartments,1064-1070 SOUTH BEDFORD,LOS ANGELES,CA,90035,CWA,No,,,True
1900 Broadway,1900 BROADWAY,OAKLAND,CA,94612,CWA,No,,,True
1942 The Strand #1942,1942 THE STRAND,HERMOSA BEACH,CA,90254,CWA,No,,,True
Bell Mt. Tam,195 TAMLA VISTA,CORTE MADERA,CA,94925,CWA,No,01/16/2019,,True
West Monroe - Los Angeles,14946 SHOEMAKER AVE SUITE I,LOS ANGELES,CA,90670,CWA,No,09/27/2024,,True
19606 Shelyn Dr,19606 SHELYN DR,ROWLAND HEIGHTS,CA,91748,CWA,No,,,True
Oakdale Auto Recyclers,10649 SIERRA RD,OAKDALE,CA,95361,CWA,No,,,True
Mega Metals & Iron,1999 STONE AVENUE,SAN JOSE,CA,95125,CWA,No,,,True
19th St,19TH,SAN FRANCISCO,CA,00000,CWA,No,,,True
E 19th St & N Campus Ave,19 19TH ST AND CAMPUS AVE,UPLAND,CA,91786,CWA,No,11/08/2023,,True
Catalyst Cannabis Dispensary Antioch,2625 CROW COURT,ANTIOCH,CA,94509,CWA,No,,,True
6001 Maywood Ave Unit A,6001 MAYWOOD AVENUE #A,HUNTINGTON PARK,CA,90255,CWA,No,06/13/2018,,True
I.C Screen Printing,6001 MAYWOOD AVE UNIT A,HUNTINGTON PARK,CA,90255,CWA,No,,,True
City of Santa Barbara Public Works,630GARDEN,SANTA BARBARA,CA,93102,CWA,No,,,True
2 Spec Manufacturing,2885 AIELLO DRIVE #A,SAN JOSE,CA,95111,CWA,No,,,True
"USModular, Inc.",215 W 94TH STREET,INGLEWOOD,CA,90057,CWA,No,,,True
Coarsegold Mini Storage,SW RD 415/ HWY 41,COARSEGOLD,CA,00000,CWA,No,,,True
4th St,"WEST OF 4TH STREET, SOUTH OF CHANNEL STREET",SAN FRANCISCO,CA,94158,CWA,No,,,True
20 Oak Rd #20,20 OAK RD,BENICIA,CA,00000,CWA,No,,,True
20 Old Ranch Rd,20 OLD RANCH ROAD,IRVINE,CA,92677,CWA,No,,,True
200 Park Ave #200,200 PARK,SAN JOSE,CA,95113,CWA,No,,,True
2000 Precision Sheet Metal,1668  MABURY RD.,SAN JOSE,CA,95133,CWA,No,04/05/2019,,True
Mendocino Auto Center,SW CORNER MANNING AND MENDOCIN,PARLIER,CA,93648,CWA,No,,,True
Corona Regional Rehabilitation Hospital,VARIES LOCATION THROUGHOUT CITY OF CORONA,CORONA,CA,00000,CWA,No,,,True
2015 Zorada Dr,2630 ALGODON CT,LOS ANGELES,CA,90046,CWA,Yes,06/20/2025,,True
"Zorada - Private Hollywood Hills Luxury With Endless Amenities and City Views - House, Multiple Beds, Pool Access, Pool View (Zorada)",2686 ZORADA DR,LOS ANGELES,CA,90046,CWA,Yes,06/20/2025,,True
South Tahoe Middle School,JULIA LANE,SOUTH LAKE TAHOE,CA,96150,CWA,No,,,True
2050 S Bundy Dr #2050,2050 SOUTH BUNDY,LOS ANGELES,CA,90025,CWA,No,,,True
910 Nacimiento Lake Dr,910 NACIMENTO LAKE DRIVE,PASO ROBLES,CA,93446,CWA,No,,,True
"8268 O'Donovan Rd, Creston",7575 ODONOVAN ROAD,CRESTON,CA,93432,CWA,No,,,True
The Crest,207 EAST SEASIDE,LONG BEACH,CA,90802,CWA,No,,,True
2075 Broadway #2075,2075 BROADWAY,REDWOOD CITY,CA,94063,CWA,No,,,True
HMC Reedley,4735 ENGLEHART AVENUE,REEDLEY,CA,93654,CWA,No,,,True
I-210,ALONG 210 FREEWAY BETWEEN I15 AND DAY CREEK BLVD,RANCHO CUCAMONGA,CA,91739,CWA,No,,,True
5652 S Bethel Ave,5652 SOUTH BETHEL AVENUE,DEL REY,CA,93616,CWA,No,,,True
Jack Creek Cellars,5475 JACK CREEK ROAD,TEMPLETON,CA,93465,CWA,No,,,True
City of Norwalk Social Services Center,N OF CARMENITA ROAD TO N OF SILVERBOW AVENUE PO,NORWALK,CA,90650,CWA,No,,,True
12440 Imperial Highway,IMPERIAL HIGHWAY AND ROUTE 5,NORWALK,CA,90650,CWA,No,,,True
Orange County,FROM ORANGE COUNTY TO LOS ANGELES COUNTY LIMIT LIN,SANTA FE SPRINGS,CA,90670,CWA,No,,,True
2193 Anchor Ct #2193,2193 ANCHOR COURT,THOUSAND OAKS,CA,91320,CWA,No,10/27/2023,,True
PLZ Corp,2375 3RD STREET,RIVERSIDE,CA,92507,CWA,No,02/11/2020,,True
"State of California, 22nd District Agricultural Association",2260 JIMMY DURANTE,DEL MAR,CA,92014,CWA,No,,,True
"State of California, 22nd District Agricultural Association",2260 JIMMY DURANTE,DEL MAR,CA,92014,CWA,No,,,True
Mulholland Brand,23401 MULHOLLAND HIGHWAY,CALABASAS,CA,91302,CWA,No,11/30/2021,111998,True
CA-238,NORTHWEST GORE AREA OF ROUTE 238 AND 580,HAYWARD,CA,94541,CWA,No,,,True
24 AUTO SALVAGE,1807 EAST M STREET,WILMINGTON,CA,90744,CWA,No,09/29/2021,,True
24 Hr Solutions Pallets Inc,13983 SLOVER AVENUE,FONTANA,CA,92337,CWA,No,,,True
24 Hr Solutions Pallets Inc,13983 SLOVER AVE,FONTANA,CA,92336,CWA,Yes,06/22/2023,,True
247 W 3rd St 247 w 3rd,247 W. 3RD ST,SAN BERNARDINO,CA,92401,CWA,No,,,True
23AndMe Research Institute,2555 PARK,PALO ALTO,CA,94306,CWA,No,,,True
The Mansfield at Miracle Mile,2555 SOUTH MANSFIELD,LOS ANGELES,CA,90016,CWA,No,,,True
2580 California St #2580,2580 CALIFORNIA,MOUNTAIN VIEW,CA,94040,CWA,No,,,True
2121 E 25th St,2121 EAST 25TH STREET,LOS ANGELES,CA,90058,CWA,No,,,True
2600 San Tomas Expy,2600 SAN TOMAS EXPRESSWAY,SANTA CLARA,CA,95050,CWA,No,,,True
Weigh Station,300 EAST HILL ROAD,WILLITS,CA,95490,CWA,No,,,True
CA-163,I5 AND SR163,SAN DIEGO,CA,92101,CWA,No,,,True
2655 Stokes Canyon Rd #2655,2655 STOKES CANYON ROAD,CALABASAS,CA,91302,CWA,No,,,True
Taft,N35 16.061 / W119 26.165,TAFT,CA,93268,CWA,No,07/31/2012,,True
S Boyle Ave,INDIANA STREET UC TO BOYLE AVE OC,LOS ANGELES,CA,90023,CWA,No,,,True
27501 S Western Ave,27501 S WESTERN AVENUE,RANCHO PALOS VERDES,CA,90274,CWA,No,11/20/2018,,True
2751 Aiello Dr a,SAN JOSE,SAN JOSE,CA,95111,CWA,No,,,True
2755 Bella Vista Dr,2755 BELLA VISTA DRIVE,MONTECITO,CA,93108,CWA,No,,,True
27760 Grand Ave,27760 GRAND AVE,WILDOMAR,CA,92595,CWA,No,,,True
280 Dillon Ave,280 DILLON AVE,CAMPBELL,CA,95008,CWA,No,,,True
CA-134,5 AND 10 SEPARATION TO 5 AND 134 SEPARATION,LOS ANGELES,CA,90039,CWA,No,,,True
2847 Leeward Ave 2841 2847,2841-2847 LEEWARD,LOS ANGELES,CA,90005,CWA,No,,,True
29 Del Mar #29,29 DEL MAR,NEWPORT COAST,CA,92657,CWA,No,,,True
2920 Rowena Ave #2920,2920 ROWENA AVENUE,LOS ANGELES,CA,90039,CWA,No,,,True
CA-89,HIGHWAY 89,TAHOE CITY,CA,96145,CWA,No,,,True
Machine Tool Factory Inc,13171 ROSECRANS AVE,SANTA FE SPRINGS,CA,90670,CWA,No,08/30/2021,,True
"E2E, MFG LLC - Wire EDM, CNC Machining, Lathe, Die Cast, Plastic Injection Molding, Fiber Optic Mechanicals, Heat Sinks",8630 SANTA FE AVE,SOUTH GATE,CA,90280,CWA,No,08/19/2019,,True
6400 E Pacific Coast Hwy,6400 EAST PACIFIC COAST,LONG BEACH,CA,90803,CWA,No,,,True
E 2nd St,2ND STREET,CALEXICO,CA,92231,CWA,No,,,True
Hidden Hive at the Saloon,2379 LA MIRADA DR,VISTA,CA,92083,CWA,No,,,True
I-805,SR 52 TO HALF  MI N OF MIRA MESA,SAN DIEGO,CA,92122,CWA,No,,,True
5531 S Ohio St,5531 S OHIO ST,YORBA LINDA,CA,92886,CWA,No,,,True
959 Delaney Dr,939 959 DELANEY DR,WALNUT,CA,91789,CWA,No,02/15/2022,,True
3-D Polymers,13026 S NORMANDIE AVE,GARDENA,CA,90249,CWA,No,,,True
Vandenberg Space Force Base,CALIFORNIA AVE,VANDENBERG AFB,CA,93437,CWA,No,,,True
300 El Camino Real #300,300 EL CAMINO REAL,MENLO PARK,CA,94025,CWA,No,,,True
303 Baldwin Ave #303,303 BALDWIN,SAN MATEO,CA,94401,CWA,No,,,True
303 Hayworth Ave #303,303 NORTH HAYWORTH,LOS ANGELES,CA,90048,CWA,No,,,True
RMD Kwikform,3122 SOUTH RIVERSIDE AVENUE,BLOOMINGTON,CA,92316,CWA,No,,,True
31537 Anacapa View Dr,31537 ANACAPA VIEW DR,MALIBU,CA,90265,CWA,No,,,True
AutoHub Shop,3131 SANKEY RD,PLEASANT GROVE,CA,95668,CWA,No,,,True
31801 Violeta Ln,31801 VIOLETA LANE,COTO DE CAZA,CA,92679,CWA,No,,,True
Casa Loma Ave & Bastanchury Rd,NEC BASTANCHURY & CASA LOMA AVE,YORBA LINDA,CA,92886,CWA,No,,,True
32 Cold,6700 ALAMEDA ST,HUNTINGTON PARK,CA,90255,CWA,No,02/06/2018,,True
Habitat Residences,320 LA CIENEGA,LOS ANGELES,CA,90048,CWA,No,04/22/2022,,True
32036 Live Oak Canyon Rd,32036 LIVE OAK CANYON,REDLANDS,CA,92373,CWA,No,,,True
Hanover Broadway,325 27TH,OAKLAND,CA,94612,CWA,No,,,True
328 Brokaw Rd #328,328 WEST BROKAW,SANTA CLARA,CA,95052,CWA,No,,,True
Castro Valley Marketplace,3295 CASTRO VALLEY,CASTRO VALLEY,CA,94546,CWA,No,,,True
Naval Base San Diego,32ND STREET NAVAL STATION,SAN DIEGO,CA,92136,CWA,No,,,True
33051 Mulholland Hwy,33051 MULHOLLAND HWY,WESTLAKE VILLAGE,CA,90265,CWA,No,07/11/2019,,True
Jobbers Meat Packing Co,3336 FRUITLAND AVEW,VERNON,CA,90058,CWA,No,05/11/2021,,True
Google Palo Alto,3400 HILLVIEW,PALO ALTO,CA,94304,CWA,No,,,True
Los Angeles,GREATER LOS ANGELES,LOS ANGELES,CA,90017,CWA,No,11/30/2005,,True
359 N Alfred St #359,359 NORTH ALFRED,LOS ANGELES,CA,90048,CWA,No,,,True
"360 Destination Group, San Diego",NOT APPLICABLE,SAN DIEGO,CA,92101,CWA,No,,,True
360 Stone Canyon Rd #360,360 STONE CANYON ROAD,LOS ANGELES,CA,90077,CWA,No,08/16/2023,,True
3670 Imperial Hwy. 3670 w,3670 W IMPERIAL,HAWTHORNE,CA,90250,CWA,No,,,True
Imperial Apartment,3670 WEST IMPERIAL HIGHWAY,HAWTHORNE,CA,90303,CWA,No,,,True
3700 Rd J #3700,3700 ROAD J,REDWOOD VALLEY,CA,95470,CWA,No,,,True
Yolo County Health And Human Services Agency,YOLO AND SAC COUNTIES IN AND NEAR WEST SAC AND SAC,SACRAMENTO,CA,95833,CWA,No,,,True
Yi Mei San Gabriel,416 E LAS TUNAS DRIVE,SAN GABRIEL,CA,91776,CWA,No,04/26/2018,,True
3625 W 6th St Parking,3800 WEST 6TH,LOS ANGELES,CA,90020,CWA,No,,,True
Nova on Wilshire,3980 WILSHIRE,LOS ANGELES,CA,90010,CWA,No,,,True
Plant 3A - MNWD,26801 CAMINO CAPISTRANO,LAGUNA NIGUEL,CA,92677,CWA,No,,,True
Concentra Urgent Care,3663 ARCH RD,STOCKTON,CA,95215,CWA,No,,,True
"NT Machining, Inc.",2292  TRADE ZONE BLVD.,SAN JOSE,CA,95131,CWA,No,,,True
3D Lettering I Domed Numbers | Domed Lettering,4477 SHOPPING LANE,SIMI VALLEY,CA,93063,CWA,No,03/11/2019,,True
"3D TEK CNC, INC.",2362 STURGIS ROAD,OXNARD,CA,93030,CWA,No,,,True
Cenegal Rd & San Marcos Rd,SAN MARCOS ROAD AND CENEGAL ROAD,ATASCADERO,CA,93422,CWA,No,,,True
Hoekstra Dairy Oakdale,6460 SMITH RD,OAKDALE,CA,95361,CWA,No,07/15/2001,,True
Corona,18750MINNESOTA,CORONA,CA,92881,CWA,No,,,True
SerFlex LLC,8357 CANOGA PARK AVENUE,CANOGA PARK,CA,91304,CWA,No,,,True
3M Co,18750 MINNESOTA RD,CORONA,CA,92881,CWA,No,12/03/2019,,True
3M Co,1601 S SHAMROCK AVE,MONROVIA,CA,91016,CWA,No,01/18/2024,,True
Solventum - Dental Solutions,17466 DAIMLER ST,IRVINE,CA,92614,CWA,No,,,True
3M Co,7341 ANACONDA AVE,GARDEN GROVE,CA,92841,CWA,No,,,True
Solventum Health Information Systems,1922 BARRANCA PKWY,IRVINE,CA,92606,CWA,No,,,True
Solventum - Dental Solutions,2111 MCGAW AVE,IRVINE,CA,92614,CWA,No,,,True
Kindeva,19901 NORDHOFF,NORTHRIDGE,CA,91328,CWA,No,,,True
Kindeva,19901  NORDHOFF ST,NORTHRIDGE,CA,91328,CWA,No,01/08/2004,,True
San Jose - New United Auto Supply,1726 SMITH AVE,SAN JOSE,CA,95112,CWA,No,,,True
3 R Network Inc,14225 TELEPHONE AVENUE,CHINO,CA,91710,CWA,No,,,True
UC Global Trade Inc,14225 TELEPHONE AVENUE UNIT C,CHINO,CA,91710,CWA,No,,,True
The Daphne,355 SOUTH OGDEN,LOS ANGELES,CA,90036,CWA,No,,,True
The Pacific,230 WEST 3RD,LONG BEACH,CA,90802,CWA,No,,,True
S Claremont St & 3rd Ave,THIRD AVENUE AND CLAREMONT STREET,SAN MATEO,CA,94401,CWA,No,,,True
National Ready Mixed Concrete,26477 RUETHER AVE,SANTA CLARITA,CA,91350,CWA,No,,,True
Martin Transports International Inc. Automobile Shipping,18221 SUSANA RD,RANCHO DOMINGUEZ,CA,90221,CWA,No,11/30/2015,,True
Martin Transports International Inc. Automobile Shipping,18221 SUSANA RD,RANCHO DOMINGUEZ,CA,90221,CWA,No,,,True
US Continental,320 REED CIR,CORONA,CA,92879,CWA,No,05/21/2021,,True
Land Auto Dismantling,11485 EAST SANTA FE AVE,HESPERIA,CA,92345,CWA,No,,,True
4 J's Auto Dismantling,1818 E MAURETANIA ST,WILMINGTON,CA,90744,CWA,No,09/22/2021,,True
The Courts at Four Seasons at Beaumont,1001 S HIGHLANDS SPRINGS AVE,BEAUMONT,CA,92223,CWA,No,04/02/2018,,True
4 Stars Auto Dismantling Sales,921 N HENRY FORD AVE,WILMINGTON,CA,90744,CWA,No,12/04/2023,,True
4 Stars Auto Dismantling Sales,921 N HENRY FORD AVE,WILMINGTON,CA,90744-4716,CWA,No,01/31/2024,,True
4 Stars Auto Dismantling Sales,921 N HENRY FORD AVE,WILMINGTON,CA,90744,CWA,No,12/04/2023,,True
4 WHEEL TRUCK & VAN DISM.,1034 CRISTOBAL,WILMINGTON,CA,90744,CWA,No,,,True
Hettinga Calf Ranch,9200 EDISON,ONTARIO,CA,91762,CWA,No,07/18/2024,,True
4S Ranch Water Reclamation Facility,1966 OLIVENHAIN ROAD,ENCINITAS,CA,92024-5699,CWA,No,,,True
405 Alberto Way #405,405 ALBERTO,LOS GATOS,CA,95032,CWA,No,,,True
Studio Beverly Hills,407 NORTH MAPLE,BEVERLY HILLS,CA,90210,CWA,No,04/30/2025,,True
4200 Coal Mine Rd #4200,4200 COAL MINE RD,IONE,CA,95640,CWA,No,,,True
4255 Ruffin Rd #4255,4255 RUFFIN ROAD,SAN DIEGO,CA,CA/92,CWA,No,,,True
Earlimart auto dismantler,2760 HWY 43,EARLIMART,CA,93219,CWA,No,,,True
Plug and Play Tech Center,440 NORTH WOLFE,SUNNYVALE,CA,94085,CWA,No,,,True
GXO Logistics,4413 PATTERSON AVE,PERRIS,CA,92571,CWA,No,,,True
Burano Apartments,442 OCEAN,LONG BEACH,CA,90802,CWA,No,,,True
445 1st Ave 445 1st,445 1ST AVE,CHULA VISTA,CA,91910,CWA,No,,,True
Martin Marietta - Tidewater Oakland Marine Aggregates,4501 TIDEWATER,OAKLAND,CA,94601,CWA,No,02/21/2018,,True
465 N Mary Ave #465,465 NORTH MARY,SUNNYVALE,CA,94085,CWA,No,,,True
469 N Sweetzer Ave #469,469 NORTH SWEETZER,LOS ANGELES,CA,90048,CWA,No,,,True
Elmwood Garden Homeowners Association,4733 ELMWOOD,LOS ANGELES,CA,90004,CWA,No,04/27/2022,,True
Shell,4755 NEXUS CENTER DRIVE,SAN DIEGO,CA,92121,CWA,No,,,True
1740 47th St,1740 47TH STREET,SAN DIEGO,CA,92102,CWA,No,,,True
Ajax Auto Wrecking,84805 AVE 48,COACHELLA,CA,92236,CWA,No,04/26/2012,,True
Ajax Auto Wrecking,84805 AVENUE 48,COACHELLA,CA,92236,CWA,No,,,True
Mountain View,487 EAST MIDDLEFIELD,MOUNTAIN VIEW,CA,94043,CWA,No,,,True
48forty Solutions,2641 HALL AVE,RIVERSIDE,CA,92509,CWA,No,,,True
48forty Solutions,2276 WILBUR LANE,ANTIOCH,CA,94509,CWA,Yes,06/06/2024,,True
495 Hartford Ave #495,495 HARTFORD,LOS ANGELES,CA,90017,CWA,No,,,True
iDeal Auto Body Services of El Monte,9708 FACTORIAL WAY,SOUTH EL MONTE,CA,91733,CWA,No,,,True
"Building Material Distributors, Inc.",10550 ARNO ROAD,GALT,CA,95632,CWA,No,,,True
US-50 & CA-89,HWY 50/89 INTERSECTION,MEYERS,CA,96150,CWA,No,,,True
4S Ranch Water Reclamation Facility,16595 DOVE CANYON RD,SAN DIEGO,CA,92127,CWA,No,,,True
1516 W Industrial Park St a,1516-A WEST INDUSTRIAL PARK STREET,COVINA,CA,91722,CWA,No,09/05/2019,,True
5 Day Business Forms Mfg. Inc,1391 N HUNDLEY STREET,ANAHEIM,CA,92806,CWA,No,02/21/2018,,True
5 Day Business Forms Mfg. Inc,2921 E LA CRESTA AVE,ANAHEIM,CA,92806,CWA,No,02/21/2018,,True
Salinas Valley Medical Clinic Primecare Monterey,5 LOWER RAGSDALE DR,MONTEREY,CA,93940,CWA,No,,,True
"5 Points Exhibits, Inc.",2260 E SPRUCE ST,ONTARIO,CA,91761,CWA,No,,,True
Cruz Industrial Truck Inc,14548 MANZANITA AVENUE,FONTANA,CA,92335,CWA,No,04/29/2021,,True
Sweep'N'Utah,330 N PALM ST,BREA,CA,92821,CWA,No,,,True
8304 Scenic Dr,8304 SCENIC DR,ROSEMEAD,CA,91770,CWA,No,05/03/2022,,True
500 Broadway #500,500 BROADWAY,SANTA MONICA,CA,90401,CWA,No,,,True
Bangor Hall and Park,503WESTBANGOR PARK,BANGOR,CA,95914,CWA,No,,,True
Solari Apartments,505 SILVER LAKE,LOS ANGELES,CA,90026,CWA,No,,,True
507 Orlando Ave 507 509,507- 509 ORLANDO,WEST HOLLYWOOD,CA,90048,CWA,No,,,True
514 Huntley Dr #514,514 NORTH HUNTLEY,WEST HOLLYWOOD,CA,90048,CWA,No,,,True
Haven Cannabis Marijuana and Weed Dispensary - Maywood,4421 EAST 52ND,MAYWOOD,CA,90270,CWA,No,01/12/2022,,True
Elite Metal Finishing,540 SPECRTUM CR,OXNARD,CA,93030,CWA,Yes,,,True
550 Allerton St #550,550 ALLERTON,REDWOOD CITY,CA,94063,CWA,No,,,True
5510 Hall Rd 5510 HALL,5510 HALL ROAD,SANTA ROSA,CA,95401,CWA,No,,,True
92 Rio Rancho Rd,92 RIO RANCHO RD,POMONA,CA,91766,CWA,No,,,True
San Diego,I5 AND SR56,SAN DIEGO,CA,92130,CWA,No,,,True
The Center for Early Education,UNKNOWN,LOS ANGELES,CA,00000,CWA,No,08/28/2003,,True
Walmart Supercenter,1000 E IMPERIAL HWY,LA HABRA,CA,90631,CWA,No,,,True
5670 Wilshire | Rockhill Management,5670WILSHIRE,LOS ANGELES,CA,90036,CWA,No,,,True
CA-58 & Rosa Parks Hwy,E ROSA PARKS HIGHWAY/E 58 MOJAVE TEHACHAPI CONNECT,BAKERSFIELD,CA,93309,CWA,No,,,True
5802 Lubao Ave #5802,5802 LUBAOV,WOODLAND HILLS,CA,91367,CWA,No,,,True
The (W)rapper Tower,5950 JEFFERSON,LOS ANGELES,CA,90016,CWA,No,,,True
6699 Mill Creek Rd,6699MILL CREEK,HEALDSBURG,CA,95448,CWA,No,,,True
2001 Los Alamos Rd #2001,2001LOS ALAMOS,SANTA ROSA,CA,95409,CWA,No,01/27/2023,,True
Navarro Ridge Ranch,NAVARRO RIDGE,ALBION,CA,95410,CWA,No,,,True
Areum,1110 SOUTH 5TH AVENUE,MONROVIA,CA,91016,CWA,No,,,True
THE DILLON SILVER LAKE II,601 NORTH DILLON,LOS ANGELES,CA,90026,CWA,No,,,True
Marshall St Parking Garage,601 MARSHALL,REDWOOD CITY,CA,94063,CWA,No,,,True
6041 Variel Ave #6041,6041 VARIEL,WOODLAND HILLS,CA,91367,CWA,No,,,True
610 Walnut St #610,610 WALNUT,REDWOOD CITY,CA,94063,CWA,No,,,True
619 Doheny Rd #619,619 DOHENY,BEVERLY HILLS,CA,90210,CWA,No,,,True
620 S Gramercy Pl Apt 105,620 SOUTH GRAMERCY,LOS ANGELES,CA,90005,CWA,No,03/08/2022,,True
6341 San Ignacio Ave,6341 SAN IGNACIO AVENUE,SAN JOSE,CA,95119,CWA,No,,,True
639 S La Brea Ave 623 671,623-671 SOUTH LA BREA,LOS ANGELES,CA,90036,CWA,No,,,True
640 Page Mill Rd #640,640 PAGE MILL,PALO ALTO,CA,94304,CWA,No,,,True
640 S St Andrews Pl #640,640 SOUTH ST. ANDREWS,LOS ANGELES,CA,90010,CWA,No,,,True
642 S Waterman Ave 642 s,642 S WATERMAN AVENUE,SAN BERNARDINO,CA,92408,CWA,No,,,True
JCI Metal Products,6540 FEDERAL BLVD,LEMON GROVE,CA,91945,CWA,No,11/02/2017,,True
6D Helmets,2923 SATURN ST,BREA,CA,92821,CWA,No,,,True
Commodore Regency Apartments,632 S LUCAS AVENUE,LOS ANGELES,CA,90017,CWA,No,,,True
7up La,322026TH,LOS ANGELES,CA,90023,CWA,No,,,True
700 Degrees Artistry and Metal Fabrication,2240 MAIN ST STE 9,CHULA VISTA,CA,91911,CWA,No,06/14/2022,,True
Cajalco Temescal Storage & RV Center,20310 TEMESCAL CANYON RD,CORONA,CA,92881,CWA,No,,,True
#113,11091 HIGHWAY 71,CORONA,CA,91720,CWA,No,,,True
198 Commerce Dr,198 COMMERCE DR,MAMMOTH LAKES,CA,93545,CWA,No,,,True
7/11 Materials Inc.,270 GEORGE REED DRIVE,SAN ANDREAS,CA,95249,CWA,No,04/09/2020,,True
711 Materials,1470 LINEBAUGH ROAD,ARNOLD,CA,95223,CWA,No,,,True
North Valley Ready Mix,517 RONEY TRAIL,CHICO,CA,95926,CWA,No,,,True
7/11 Materials,2714 STAGECOACH RD,STOCKTON,CA,95215,CWA,No,,,True
City of Los Angeles Dept of City Planning,7115 WARING,LOS ANGELES,CA,90046,CWA,No,,,True
714 N Sweetzer Ave #714,714 NORTH SWEETZER,LOS ANGELES,CA,90069,CWA,No,,,True
7145 Carmel Valley Rd #7145,7145 CARMEL VALLEY RD,CARMEL,CA,93923,CWA,No,,,True
Avalon glass,716 EAST ALONDRA BOULEVARD,CARSON,CA,90746,CWA,No,,,True
718 N Hudson Ave #718,718 NORTH HUDSON,LOS ANGELES,CA,90038,CWA,No,,,True
723 Huntley Dr #723,723 HUNTLEY,WEST HOLLYWOOD,CA,90069,CWA,No,,,True
728 N Sweetzer Ave #728,728 NORTH SWEETZER,WEST HOLLYWOOD,CA,90069,CWA,No,,,True
7TH & VERMONT PLAZA,730 SOUTH VERMONT,LOS ANGELES,CA,90005,CWA,No,10/25/2023,,True
Pavement Coatings Co.,734 AND 736 MISSION ROCK ROAD,SANTA PAULA,CA,93060,CWA,No,,,True
737 Lewis St,737 & 765 LEWIS STREET,POMONA,CA,91768,CWA,No,,,True
74 Weld Inc.,9349 BOND AVE,EL CAJON,CA,92021,CWA,No,02/02/2022,,True
740 S Ridgeley,740 SOUTH RIDGELEY,LOS ANGELES,CA,90036,CWA,No,,,True
The Flat,750 GARLAND AVENUE,LOS ANGELES,CA,90017,CWA,No,07/07/2011,,True
755 S Figueroa St,755 WEST 7TH,LOS ANGELES,CA,90017,CWA,No,,,True
Federal Metals,800 E 62ND ST,LOS ANGELES,CA,90001,CWA,Yes,,,True
760 Print,2585 FORTUNE WAY SUITE B,VISTA,CA,92081,CWA,No,11/19/2021,,True
Dr. Pepper-Snapple Group,2009 FARALLON DR,SAN LEANDRO,CA,95477,CWA,Yes,,,True
7 Up Bottling Co-San Francisco,2875 PRUNE AVE,FREMONT,CA,94539,CWA,No,,,True
Seven-Up RC of Chico,306 OTTERSON DRIVE SUITE 10,CHICO,CA,95928,CWA,No,03/19/2024,,True
"Whitehorse Welding & Fabrication, LLC. DBA Whitehorse Steel Fabrication",135 SOUTH OAKS AVENUE,ONTARIO,CA,92762,CWA,No,01/17/2019,,True
800 Alfred Nobel Dr #800,800 ALFRED NOBEL,HERCULES,CA,94547,CWA,No,,,True
The Leonard on Beverly,8070 BEVERLY,LOS ANGELES,CA,90048,CWA,No,,,True
81 Somerset Ln #81,81 SOMERSET LANE,ATHERTON,CA,94027,CWA,No,,,True
812 Huntley Dr #812,812 HUNTLEY,WEST HOLLYWOOD,CA,90069,CWA,No,,,True
ADU Los Angeles,812 MAIN,LOS ANGELES,CA,90291,CWA,No,,,True
820 Lorraine Dr #820,820 LORRAINE DR,CHESTER,CA,96020,CWA,No,04/01/2021,,True
The Ranch Above St Helena a Blair Spangler Design Group Property,8200ST. HELENA ROAD & 7411 ST. HELENA,SANTA ROSA,CA,95404,CWA,No,,,True
822 N Kenter Ave 822 n,822 N. KENTER AVE.,LOS ANGELES,CA,90049,CWA,No,,,True
823 Westbourne Dr #823,823 WESTBOURNE,WEST HOLLYWOOD,CA,90069,CWA,No,,,True
8282 Dunisch Rd #8282,8282 DUNISCH ROAD,ELK GROVE,CA,95758,CWA,No,,,True
8383 Wilshire Boulevard,8383 WILSHIRE,BEVERLY HILLS,CA,90211,CWA,No,11/12/2019,,True
84 Recycling,8241 W GOSHEN AVE,VISALIA,CA,93291,CWA,No,,,True
84 Recycling,866 EAST 5TH STREET,HANFORD,CA,93291,CWA,No,04/25/2018,,True
8484 Wilshire,8484 WILSHIRE,BEVERLY HILLS,CA,90211,CWA,No,12/15/2021,,True
852 N W Knoll Dr #852,852 NORTHWEST KNOLL,WEST HOLLYWOOD,CA,90069,CWA,No,,,True
854 Westmount Dr #854,854 WESTMOUNT,WEST HOLLYWOOD,CA,90069,CWA,No,,,True
8600 Wilshire,8600 WILSHIRE,BEVERLY HILLS,CA,90211,CWA,No,,,True
8728 Ashcroft Ave #8728,8728 ASHCROFT,WEST HOLLYWOOD,CA,90048,CWA,No,,,True
"Mt. View Construction, LLC",875MAUDE,MOUNTAIN VIEW,CA,94043,CWA,No,,,True
8750 El Tovar Pl #8750,8750 EL TOVAR,WEST HOLLYWOOD,CA,90069,CWA,No,,,True
Apple,8777 WASHINGTON,CULVER CITY,CA,90232,CWA,No,,,True
88 Triton Park Ln #88,88 TRITON PARK LANE,FOSTER CITY,CA,94404,CWA,No,,,True
8833 Cynthia St #8833,8833 CYNTHIA,WEST HOLLYWOOD,CA,90069,CWA,No,06/15/2021,,True
JULIET,8888 WASHINGTON,CULVER CITY,CA,90232,CWA,No,,,True
8899 Beverly,8899 BEVERLY,WEST HOLLYWOOD,CA,90048,CWA,No,05/27/2025,,True
Cash for Cars,1218 MIRAGE AVE,LINDSAY,CA,93257,CWA,Yes,,,True
9814 Church St,9814 CHURCH STREET,RANCHO CUCAMONGA,CA,91730,CWA,No,01/18/2018,,True
Ventura / Ventura Pl,90 SITES IN LA & VENTURA,VENTURA,CA,93005,CWA,No,01/29/2001,,True
Rubecon General Contracting,900 INNES,SAN FRANCISCO,CA,94124,CWA,No,,,True
PRIZMA,7077 WILLOUGHBY,LOS ANGELES,CA,90046,CWA,No,,,True
Simi Doctors Medical & Aesthetics,903 QUISMA DR,SIMI VALLEY,CA,93065,CWA,No,09/07/2021,,True
910 N Wetherly Dr 910 916,910-916 NORTH WETHERLY,WEST HOLLYWOOD,CA,90069,CWA,No,,,True
City of Sunnyvale Water Pollution Control Plant,915 DEGUIGNE,SUNNYVALE,CA,94088,CWA,Yes,,,True
928 International Inc,2900 E MIRALOMA D,ANAHEIM,CA,92806,CWA,No,06/25/2018,,True
928 International Inc,2900 E MIRALOMA AVENUE UNIT D,ANAHEIM,CA,92806,CWA,No,,,True
928 International Inc,2900 E MIRALOMA #D,ANAHEIM,CA,92806,CWA,No,,,True
Beautique Of Redmond,942 NORTH BROADWAY,LOS ANGELES,CA,90015,CWA,No,,,True
944 Airole Way,944 AIROLE WAY,BEL AIR,CA,90077,CWA,No,06/23/2023,,True
953 N. Sycamore Parking (Propark),953 NORTH SYCAMORE,LOS ANGELES,CA,90038,CWA,No,,,True
The Harland West Hollywood,960 NORTH DOHENY,WEST HOLLYWOOD,CA,90069,CWA,No,05/29/2024,,True
9712 Oak Pass Rd #9712,9712 OAK PASS ROAD,LOS ANGELES,CA,90210,CWA,No,,,True
Applied Materials,974 ARQUES,SANTA CLARA,CA,94086,CWA,No,,,True
Stockton Auto Dismantlers,3532 E MINER AVE,STOCKTON,CA,95205,CWA,No,,,True
Bargain Wholesale,4000 UNION PACIFIC AVE,COMMERCE,CA,90023,CWA,No,,,True
99 Cent Discount,3965 EAST OLYMPIC BLVD,LOS ANGELES,CA,90023,CWA,No,,,True
Dollar Tree,626 CECIL AVE,DELANO,CA,93215,CWA,No,,,True
Universal Service Recycling,830 S CALIFORNIA ST STE A,STOCKTON,CA,95206,CWA,No,,,True
9933 Tower Ln 9933 TOWER,9933 TOWER LANE,LOS ANGELES,CA,90210,CWA,No,,,True
9941 Tower Ln 9941 TOWER,9941 TOWER LANE,LOS ANGELES,CA,90210,CWA,No,,,True
9 To 5 Seating,3211 JACK NORTHROP AVENUE,HAWTHORNE,CA,90250,CWA,Yes,12/16/2024,,True
Alcoholics Anonymous,A,LOS ANGELES,CA,90040,CWA,No,,,True
A & A Auto Parts and Service,6240 BRENTWOOD BLVD,BRENTWOOD,CA,94513,CWA,No,,,True
A & A Concrete Supply,890 GRASS VALLEY HIGHWAY,AUBURN,CA,95828,CWA,No,02/01/2023,,True
A & A Concrete Supply Inc,3578 ESPLANADE,CHICO,CA,95973,CWA,No,01/10/2025,,True
A & A Concrete Supply Inc,2930 LESVOS CT,LINCOLN,CA,95648,CWA,No,07/30/2018,,True
A & A Concrete Supply,4035 E MARIPOSA RD,STOCKTON,CA,95215,CWA,No,,,True
A & A Concrete Supply Inc,10250 W LINNE RD,TRACY,CA,95377,CWA,No,12/20/2017,,True
A & A Concrete Supply Inc,1201 MARKET ST,YUBA CITY,CA,95991,CWA,No,05/21/2024,,True
A & B Auto Dismantling,5941 E PANAMA RD STE C,BAKERSFIELD,CA,93307,CWA,No,,,True
A & B Truck Recycling,2863 COMMERCIAL ST,SAN DIEGO,CA,92113,CWA,No,03/27/2018,,True
J & M Used Auto Parts,11644 SHELDON ST,SUN VALLEY,CA,91352,CWA,No,,,True
A & M Pallet Recyclers,2493 DUNN RD,HAYWARD,CA,94545,CWA,No,11/15/2023,,True
"A-W Engineering Co., Inc.",8528 DICE RD  8518,SANTA FE SPRINGS,CA,90670,CWA,No,,,True
"A-W Engineering Co., Inc.",8528 DICE RD,SANTA FE SPRINGS,CA,90670,CWA,No,03/03/2020,,True
Calexico Auto Dismantlers Inc.,30 WEST HIGHWAY 98,CALEXICO,CA,92231,CWA,No,02/23/2011,,True
A&B Auto Salvage,1806 SICHEL STREET,LOS ANGELES,CA,90031,CWA,Yes,10/15/2021,,True
A&A Recycling,22393 OUTER HIGHWAY 18,APPLE VALLEY,CA,92307,CWA,No,10/09/2018,,True
A & A Concrete Supply Inc,3578  ESPLANADE,CHICO,CA,95973,CWA,No,01/13/2010,,True
A&A TOOL&DIE MACHINING INC.,1266 S LYON ST,SANTA ANA,CA,92705,CWA,No,,,True
A & A Electronic Assembly,18153 NAPA ST,NORTHRIDGE,CA,91325,CWA,Yes,05/30/2023,,True
Vierra Dairy Farms,6125 S CENTRAL AVE,TURLOCK,CA,95380,CWA,No,01/14/2009,,True
A & D Precision Manufacturing,4751 E HUNTER AVE,ANAHEIM,CA,92807,CWA,No,,,True
A & D Precision Manufacturing,1262 N LA LOMA CIR,ANAHEIM,CA,92806,CWA,No,,,True
A & E Truck Repair,15018 SAN FERNANDO ROAD,SYLMAR,CA,91342,CWA,No,,,True
Saputo Cheese USA Inc.,691 INYO AVE,NEWMAN,CA,95360,CWA,No,03/14/2000,,True
A&G Transport Inc.,1231 REDWOOD VIEW DRIVE,POMONA,CA,91766,CWA,No,,,True
1046 Commerce St # H,1046 COMMERCE STREET # H,SAN MARCOS,CA,92078,CWA,No,,,True
Monica Cabinets Inc.,72060 CORPORATE WAY,THOUSAND PALMS,CA,92276,CWA,No,,,True
All Metal Powder Coating,1198 N GROVE ST,ANAHEIM,CA,92806,CWA,No,07/01/2021,,True
A & S Metals,456 BRUNKEN AVE,SALINAS,CA,93901,CWA,No,,,True
A & W Machine Co,159 SOUTH IRWINDALE AVENUE,AZUSA,CA,91702,CWA,No,,,True
A-1 Auto Wreckers,1100 MCNAMARA RD,CRESCENT CITY,CA,95531,CWA,No,11/18/2020,,True
A1 Auto Wreckers,200 HILLSDALE AVE,SAN JOSE,CA,95136,CWA,No,05/07/2019,,True
A1 Express Smog Check,2381 W MAIN ST,BARSTOW,CA,92311,CWA,No,,,True
A-1 Metals & Auto Salvage,5795 STOCKDALE RD.,PASO ROBLES,CA,93446,CWA,No,03/31/2011,,True
SA Recycling,8250 TUJUNGA AVE,SUN VALLEY,CA,91352,CWA,No,01/26/2010,,True
A-1 Upland Recycling,1248 W 9TH ST,UPLAND,CA,91786,CWA,No,12/20/2017,,True
A-1 Wrecking Yard,2015 W STONEHURST DR,RIALTO,CA,92377,CWA,Yes,10/16/2019,,True
AA2 Auto Salvage and Recycling,45509 DIVISION ST,LANCASTER,CA,93535,CWA,No,,,True
A & A Concrete Supply Inc,3809 BITHELL LN,SUISUN CITY,CA,94585,CWA,No,05/03/2019,,True
A&A Concrete Supply,270 RAILROAD AVENUE,GRASS VALLEY,CA,95945,CWA,No,12/29/2022,,True
A&G Metalworks,755 VERNON WAY,EL CAJON,CA,92020,CWA,No,04/07/2022,,True
A & L Tile Inc.,3722 MAIN STREET,SAN DIEGO,CA,92113,CWA,No,,,True
A & M Metals Inc.,2301 W 5TH ST,SANTA ANA,CA,92703,CWA,No,11/17/2022,,True
A & P Grinding,1824 RAILROAD STREET,CORONA,CA,92880,CWA,No,,,True
A & S Metals,6454 CHESTNUT ST,GILROY,CA,95020,CWA,No,,,True
A & S Metals,1080 W BEACH STREET,WATSONVILLE,CA,95076,CWA,No,,,True
A & S Metals,11340 COMMERCIAL PARKWAY,CASTROVILLE,CA,95012,CWA,No,,,True
A & S Metals,2510 TECHNOLOGY DR,LOS BANOS,CA,95012,CWA,Yes,04/06/2023,,True
41309 Ave Biona,41309 AVENIDA BIONA,TEMECULA,CA,92951,CWA,No,,,True
A & T Precision Machine Inc,330  PIERCY RD.,SAN JOSE,CA,95138,CWA,No,,,True
A Auto Salvage,1925 S UNION AVENUE,BAKERSFIELD,CA,93307,CWA,No,04/26/2023,,True
A Auto Salvage,1925 SOUTH UNION AVE,BAKERSFIELD,CA,93307,CWA,No,,,True
ABC Press,2780 WALNUT AVENUE,SIGNAL HILL,CA,90806,CWA,No,08/20/2019,,True
11865 178th St,11865 178TH ST,ARTESIA,CA,90701,CWA,No,,,True
ABI General Engineering Inc,12143 RIVERA ROAD,WHITTIER,CA,90606,CWA,No,08/23/2019,,True
A-Best Auto Wrecking,535 GALLARDO,LOS ANGELES,CA,90033,CWA,No,,,True
800 Garden Hwy,800 GARDEN HWY,YUBA CITY,CA,95991,CWA,No,,,True
Stuyt Dairy Farmstead Cheese,15668 S STEINEGUL RD,ESCALON,CA,95320,CWA,No,07/31/1998,,True
Look Transportation,1517 W 139TH ST,GARDENA,CA,90249,CWA,Yes,07/11/2025,,True
Flex,1818 E CARNEGIE AVE,SANTA ANA,CA,92705,CWA,No,12/26/2018,,True
A.G. Spanos Companies,10100 TRINITY PARKWAY,STOCKTON,CA,95219,CWA,No,,,True
A. K. Warren Water Resource Facility,24501 FIGUEROA,CARSON,CA,90745,CWA,No,,,True
A Lua Wood Recycling,18938 MERMACK AVE,LAKE ELSINORE,CA,92532,CWA,No,,,True
A Luna's Marble and Granite,2728 NATHAN AVENUE,MODESTO,CA,95354,CWA,No,,,True
A M Finishing,928 E SOUTH ST,ANAHEIM,CA,92805,CWA,No,10/29/2019,,True
A M Finishing,928 E SOUTH STREET,ANAHEIM,CA,92805,CWA,No,07/26/2021,,True
WCAVD,12317 BRANFORD ST,SUN VALLEY,CA,91352,CWA,No,05/23/2023,,True
ALL AMERICAN AUTO DISMANTLING,3784 OMEC CIRCLE SUITE 4,RANCHO CORDOVA,CA,95742,CWA,No,08/24/2022,,True
"A PACIFIC EXPRESS, ENT.",1259,ONTARIO,CA,91733,CWA,No,,,True
A Plus Ford & Chevy Dismantlers,5523 DUARTE ST,LOS ANGELES,CA,90058,CWA,Yes,10/08/2021,,True
Murrieta,A PORTION OF SEC ON 18 T7S R1W,MURRIETA,CA,92562,CWA,No,,,True
Associated Ready Mix Concrete,35100 DILLON RD,INDIO,CA,92202,CWA,No,,,True
ARO Service,1186 N GROVE ST,ANAHEIM,CA,92806,CWA,No,09/21/2018,,True
ASI Auto Wreckers,814 N MISSION RD,LOS ANGELES,CA,90033,CWA,Yes,,,True
A Storage Place,5220 MISSION BLVD,MONTCLAIR,CA,91762,CWA,No,,,True
A Storage Place,605 ANITA STREET,CHULA VISTA,CA,91911,CWA,No,,,True
A Storage Place,3450 WENTWORTH DRIVE,HEMET,CA,92545,CWA,No,08/24/2021,,True
A Storage Place,83050 AVENUE 45,INDIO,CA,92201,CWA,No,,,True
A Storage Place,650 NEW YORK STREET,REDLANDS,CA,92374,CWA,No,05/19/2020,,True
6079 A St,6079 A,ELMIRA,CA,95625,CWA,No,,,True
A To Z Flame Hardening,2466 56TH STREET,HUNTINGTON PARK,CA,90255,CWA,No,,,True
A Top En-Counter,15121 GRAHAM ST,HUNTINGTON BEACH,CA,92649,CWA,No,,,True
A & A Auto Parts and Service,30 WEST HIGHWAY 98,CALEXICO,CA,92231,CWA,No,05/17/2018,,True
A&A Recycling,22393 OUTER HIGHWAY 18,APPLE VALLEY,CA,92307,CWA,No,,,True
A & A Ready Mixed Concrete,900 W PATTERSON,SIGNAL HILL,CA,90755,CWA,No,10/14/2021,,True
A&A Ready Mixed Concrete,100 E REDONDO BEACH BLVD,GARDENA,CA,90248,CWA,No,,,True
E&H Mobile Truck Repair and Towing,2226 MYRTLE ST,OAKLAND,CA,94607,CWA,No,,,True
National City,1313 W 24TH ST,NATIONAL CITY,CA,91950,CWA,No,,,True
A & I Pallets,9405 SOUTH ALAMEDA STREET,LOS ANGELES,CA,90002,CWA,No,06/06/2018,,True
Art Silva Dairy,5201 MILNES RD,MODESTO,CA,95357,CWA,No,09/18/1997,,True
A&J Electronics Recycling E-Waste,761 MABURY RD SUITE 75,SAN JOSE,CA,95133,CWA,No,04/05/2019,,True
A&J Solutions,1735 DOCKERY,SELMA,CA,93662,CWA,No,,,True
Advanced Machining Techniques,16305B VINEYARD BLVD,MORGAN HILL,CA,95037,CWA,No,,,True
Discount Auto Used Parts (Dismantlers),3679 SOUTH EL DORADO STREET,STOCKTON,CA,95206,CWA,No,,,True
Discount Auto Used Parts (Dismantlers),3679 SOUTH EL DORADO STREET,STOCKTON,CA,92506,CWA,No,,,True
A & M Electronics Inc,25018 AVENUE KEARNY,VALENCIA,CA,91355,CWA,No,06/08/2023,,True
A-1 Automotive Core Supplier,2400 W 5TH ST,SANTA ANA,CA,92703,CWA,No,,,True
Prime Coat & Plating (Redmond Metal Finishing),870 WALSH AVENUE,SANTA CLARA,CA,95050,CWA,No,09/06/2005,,True
"Santa Clara Plating Co., Inc.",2655 LAFAYETTE STREET,SANTA CLARA,CA,95050,CWA,No,01/13/2004,,True
A-1 Self Storage,1415  OLD OAKLAND RD.,SAN JOSE,CA,95112,CWA,No,,,True
A-iPower Corp.,10887 COMMERCE WAY,FONTANA,CA,92337,CWA,Yes,,,True
South Tahoe Public Utility,1275 MEADOW CREST,SOUTH LAKE TAHOE,CA,96150,CWA,No,,,True
"Clean Planet, Inc. Open Saturday",250 PORT ROAD,STOCKTON,CA,95203,CWA,No,09/25/2009,,True
Castle Metals - Stockton,1625 TILLIE LEWIS DRIVE,STOCKTON,CA,95206,CWA,No,01/12/2010,,True
A 1 Auto Body & Paint,1077 BROADWAY,CHULA VISTA,CA,91911,CWA,No,09/06/2006,,True
A1 Auto Dismantling,2005 S UNION AVE,BAKERSFIELD,CA,93307,CWA,No,,,True
All Chrysler and Dodge Auto Wrecking,"3791 RECYCLE ROAD, UNIT 1",RANCHO CORDOVA,CA,95758,CWA,No,05/03/2011,,True
A1 Auto Parts,23900 HIGHWAY 74,PERRIS,CA,92570,CWA,No,,,True
A-1 Wrecking Yard,2019 STONEHURST DR,RIALTO,CA,92377,CWA,No,10/16/2019,,True
NAPA Auto Parts - Crescent City,100 MCNAMARA ROAD,CRESCENT CITY,CA,95531,CWA,No,03/17/2011,,True
A-1 Express Delivery Services Inc,4520 S MAYWOOD AVE,VERNON,CA,90058,CWA,No,01/31/2019,,True
A1 Mold,16027 KAPLAN AVENUE,CITY OF INDUSTRY,CA,91744,CWA,No,07/17/2023,,True
A1 Auto Collision Repair,1800 EAST 55TH STREET,LOS ANGELES,CA,90058,CWA,No,,,True
1800 E 55th St,1800 E 55TH ST,VERNON,CA,90058,CWA,No,,,True
A-1 Self Storage,13623 HIGHWAY 8 BUSINESS,EL CAJON,CA,92021,CWA,No,05/10/2022,,True
A-1 Materials,220 RANKIN,SAN FRANCISCO,CA,94124,CWA,No,,,True
A-1 Self Storage,1190B MORENA BLVD,SAN DIEGO,CA,92110,CWA,No,,,True
A-1 Self Storage,2235 PACIFIC HWY,SAN DIEGO,CA,92101,CWA,No,,,True
Neway Packaging Corporation.,2060 EAST VIA ARADO,COMPTON,CA,90220,CWA,No,05/19/2021,,True
A39SURFBOARDS,1043 CENTER ST,COSTA MESA,CA,92627,CWA,No,,,True
A4 Apparel,6200 MALBURG WAY,VERNON,CA,90058,CWA,No,01/29/2019,,True
A4 Apparel,6199 MALBURG WAY,VERNON,CA,90058,CWA,No,01/14/2021,,True
A & A Septic & Ace Pumping,25775 PAHUTE RD APPLE VALLEY CA 92308,APPLE VALLEY,CA,92308,CWA,No,,,True
AA IMPORTS AUTO WRECKING INC,19407 CAJON BLVD B,SAN BERNARDINO,CA,92407,CWA,No,08/02/2017,,True
A&A Ready Mixed Concrete,100 EAST REDONDO BEACH BLVD,GARDENA,CA,90248,CWA,No,06/26/2020,,True
A&A Ready Mixed Concrete,134 WEST REDONDO BEACH BLVD,GARDENA,CA,90248,CWA,No,02/26/2020,,True
AB Trucking,1639 18TH STREET,OAKLAND,CA,94604,CWA,No,09/18/2006,,True
United Sales Associates,1665 SO RANCHO SANTA FE RD SUITE E2,SAN DIEGO,CA,92117,CWA,No,,,True
AAA Alliance Self Storage,8383 CLAIREMONT MESA BLVD,SAN DIEGO,CA,92111,CWA,No,,,True
AAA Alliance Self Storage,8383 CLAIRMONT MESA BLVD,SAN DIEGO,CA,92111,CWA,No,,,True
My Auto Wrecking,863 ALPHA ST,DUARTE,CA,91010,CWA,No,,,True
AAA Containers Sales & Rentals,11120 ALMOND AVENUE,FONTANA,CA,92337,CWA,Yes,,,True
AAA Winter Park/Orlando,"2696 LAVERY COURT,  UNIT 12,",THOUSAND OAKS,CA,91320,CWA,No,06/22/2022,,True
All Chrysler and Dodge Auto Wrecking,3731 RECYCLE RD,RANCHO CORDOVA,CA,95742,CWA,No,,,True
"AAA Fluting & Machining, Llc.",14044 GARFIELD AVE STE J,PARAMOUNT,CA,90723,CWA,Yes,10/28/2022,,True
"AAA Plating & Inspection, Inc",424 E DIXON ST,COMPTON,CA,90222,CWA,No,03/30/2010,,True
23620 Monument Canyon Dr,23620 MONUMENT CANYON DRIVE,DIAMOND BAR,CA,91765,CWA,No,,,True
AAA Recycling,2810 RUBIDOUX BLVD,RIVERSIDE,CA,92509,CWA,No,,,True
Taylor Road Self Storage,3000 TAYLOR ROAD,ROSEVILLE,CA,95678,CWA,No,,,True
Aacon Auto Parts,7721 S ALAMEDA ST,LOS ANGELES,CA,90001,CWA,No,,,True
"Comfort Now Air, Plumbing, & Heating",GOSHEN AVE AND SHIRK RD,VISALIA,CA,93291,CWA,No,03/05/2015,,True
AAMCO Transmissions & Total Car Care,1406 W. HOLT ST.,POMONA,CA,91768,CWA,No,11/21/2017,,True
Amrep Inc,2500 EAST FRANCIS STREET,ONTARIO,CA,00000,CWA,No,,,True
Aamp of America Inc,2500 E FRANCIS ST,ONTARIO,CA,91761,CWA,No,,,True
Aaren Scientific Inc,1040 S VINTAGE AVE BDLG A,ONTARIO,CA,91761,CWA,No,,,True
Aaron Industrial Recycling,8530 SAN FERNANDO RD,SUN VALLEY,CA,91352,CWA,No,,,True
Aaron Wines,3050 LIMESTONE WAY,PASO ROBLES,CA,93446,CWA,No,,,True
Aaron Wines,3050 LIMESTONE WAY,PASO ROBLES,CA,93446,CWA,No,02/05/2019,,True
Aaron's Auto Group Used Parts,9403 GLENOAKS BLVD,SUN VALLEY,CA,91352,CWA,No,01/08/2020,,True
Aatlas Auto Recycling,791 ENERGY WY,CHULA VISTA,CA,91911,CWA,No,,,True
A Atlas Auto Recycling 2,935 D HERITAGE RD,SAN DIEGO,CA,92154,CWA,No,,,True
Oakland,UNKNOWN,UNKNOWN,CA,00000,CWA,No,,,True
Da Silva Dairy Farms Lp # 2,18338 E. MARIPOSA RD,ESCALON,CA,95320,CWA,No,01/30/2008,,True
Benson Metal Polishing,"8940 N. BENSON AVE., SUITE G",MONTCLAIR,CA,91763,CWA,No,,,True
American Recycling,3055 FAIRMOUNT AVE,SAN DIEGO,CA,92105,CWA,Yes,08/21/2018,,True
Extra Space Storage,1260 E PHILLIPS BLVD,POMONA,CA,91766,CWA,No,11/28/2017,,True
Associated Vacuum,1524 WEST INDUSTRIAL PARK STREET,COVINA,CA,91722,CWA,No,09/04/2019,,True
Villa Pacifica Ranch,ALEXANDER RANCH AT VILLA CREE,CAYUCOS,CA,93430,CWA,No,06/16/2006,,True
Abandoned Mine Lands Program,UNKNOWN,UNKNOWN,CA,00000,CWA,No,,,True
Abantos Automotive Cores,7729 S ALAMEDA STREET,LOS ANGELES,CA,90001,CWA,No,,,True
Abba Roller LLC,1351 E PHILADELPHIA ST,ONTARIO,CA,91761,CWA,No,01/31/2024,,True
631 Lommel Rd,631 LOMMEL RD,CALISTOGA,CA,94915,CWA,No,,,True
Abbot Industrial Supplies International,11604 HART ST,NORTH HOLLYWOOD,CA,91605,CWA,No,,,True
Abbott Diabetes Care Inc.,1360 SOUTH LOOP ROAD,ALAMEDA,CA,94502,CWA,No,11/01/2023,,True
Abbott,2251 FARADAY AVENUE SUITE 150,CARLSBAD,CA,92008,CWA,No,08/10/2021,,True
Abbott Electrophysiology,1530 O BRIEN DRIVE,MENLO PARK,CA,94025,CWA,No,,,True
Abbott,15900 VALLEY VIEW CT,SYLMAR,CA,91342,CWA,No,01/11/2018,,True
Abbott (Telfair building),13150 TELFAIR AVE,SYLMAR,CA,91342,CWA,No,01/08/2018,,True
Abbott,715 SYCAMORE DRIVE,MILPITAS,CA,95035,CWA,No,02/09/2023,,True
Johnson & Johnson Vision,510 COTTONWOOD DRIVE,MILPITAS,CA,95035,CWA,No,,,True
Abbott Vascular Inc,26531 YNEZ ROAD,TEMECULA,CA,92591,CWA,No,06/15/2011,,True
Abbotts Lagoon Trailhead,17400 SIR FRANCIS DRAKE BOULEVARD,INVERNESS,CA,94956,CWA,No,,,True
ABC Car Care,225 SAN JOSE AVE,SAN JOSE,CA,95125,CWA,No,,,True
ABC Worldwide Transportation,15 SOUTH BAYSHORE BLVD,SAN MATEO,CA,94401,CWA,No,06/14/2024,,True
ABC Worldwide Transportation,15  S BAYSHORE BLVD.,SAN MATEO,CA,94401,CWA,No,10/11/2019,,True
ABC Industrial Services,1411 &1419 NORTH MAGNOLIA,EL CAJON,CA,92020,CWA,No,12/29/2021,,True
ABC Ready Mix,7901 EL RIO AVE,SACRAMENTO,CA,95626,CWA,No,,,True
Associated Builders and Contractors,19466 FLIGHTPATH WAY,BAKERSFIELD,CA,93308,CWA,No,,,True
Starburns Industries,UNKNOWN,BURBANK,CA,00000,CWA,No,09/05/2006,,True
119 Lee Rd,119 LEE RD,WATSONVILLE,CA,95076,CWA,No,05/08/2024,,True
Abel and Brothers Custom Iron,1405 DESCANSO AVENUE,SAN MARCOS,CA,CA,CWA,No,,,True
Abel Automatics,165 N AVIADOR STREET,CAMARILLO,CA,93010,CWA,No,12/06/2024,,True
Abel Diaz Construction Inc.,1199 CALHOUN STREET,HAYWARD,CA,94544,CWA,No,11/15/2019,,True
Abel Tienda Custom Frames,1773 W LINCOLN AVE,ANAHEIM,CA,92801,CWA,No,,,True
Abel Tienda Custom Frames,1773 WEST LINCOLN AVENUE #F,ANAHEIM,CA,92801,CWA,Yes,05/04/2023,,True
Abel Tienda Custom Frames,1773 WESTLINCOLN AVENUE #F,ANAHEIM,CA,92801,CWA,No,10/29/2019,,True
Abel Tienda Custom Frames,1773 W LINCOLN AVE,ANAHEIM,CA,92801,CWA,No,,,True
48150 Harrison St,48150 HARRISON STREET,COACHELLA,CA,92236,CWA,No,04/25/2012,,True
City of Redding Transfer Station,2255 ABERNATHY,REDDING,CA,96003,CWA,No,,,True
Abex Exhibits,7101 7100 7118 FAIR AVE,NORTH HOLLYWOOD,CA,91605,CWA,No,,,True
Abhe & Svoboda,880 TAVERN RD,ALPINE,CA,91901,CWA,No,12/09/2021,,True
ABI Industries,7825 SAN LEANDRO ST,OAKLAND,CA,94621,CWA,No,,,True
A.B.I Associates,225 S SULTANA AVE,ONTARIO,CA,91761,CWA,No,,,True
Ability Trimodal Distribution,18626 REYES ST,COMPTON,CA,90221,CWA,No,09/13/2022,,True
ABL Space Systems,224 OREGON STREET,EL SEGUNDO,CA,90245,CWA,No,08/31/2022,,True
25032 Anza Dr,25032 ANZA DRIVE,VALENCIA,CA,91355,CWA,No,01/12/2018,,True
Aero Engineering,25032 ANZA DRIVE,VALENCIA,CA,91355,CWA,No,03/23/2022,,True
Able Sandblasting and Powder Coating,"1666 N MAGNOLIA AVE., UNIT K",EL CAJON,CA,CA,CWA,No,04/03/2023,,True
Able Storage,500 EAST MARKLAND DRIVE,MONTEREY PARK,CA,91755,CWA,No,,,True
"Above All Advertising, Inc.",6980 CORTE SANTA FE,SAN DIEGO,CA,92121,CWA,No,,,True
Monkish Brewing - Anaheim,336 S ANAHEIM BLVD,ANAHEIM,CA,92805,CWA,No,,,True
Abraham Lincoln Elementary School,1413 E BROADWAY AVE,ANAHEIM,CA,92805,CWA,No,,,True
Abrasive Blasting & Coating,1260 RAILROAD AVE BLDG 750,VALLEJO,CA,94592,CWA,No,,,True
Abrasive Dynamics,4591 TRAFFIC WAY,ATASCADERO,CA,93422,CWA,No,,,True
Abrisa Technologies,200 SOUTH HALLOCK DR,SANTA PAULA,CA,93060,CWA,Yes,,,True
ABS Manufacturers Inc,519  HORNING ST.,SAN JOSE,CA,95112,CWA,No,04/19/2019,,True
ABS Manufacturers Inc,519  HORNING ST.,SAN JOSE,CA,95112,CWA,No,,,True
"ABSOLUTE PRECISION MACHINING, Inc.",960 E ORANGETHORPE AVE UNIT A,ANAHEIM,CA,92801,CWA,No,,,True
"ABSOLUTE PRECISION MACHINING, Inc.",960 E ORANGETHORPE AVE,ANAHEIM,CA,92801,CWA,No,,,True
Absolute Technologies Inc,4890 E LA PALMA AVE,ANAHEIM,CA,92807,CWA,No,02/21/2018,,True
Absolute Transportation,11245 VANOWEN ST,NORTH HOLLYWOOD,CA,91605,CWA,No,,,True
Absolutely Foreign Inc,1804 W 5TH ST,SANTA ANA,CA,92703,CWA,No,,,True
US Air Conditioning Distributors,20431 NORTH SEA CIR,LAKE FOREST,CA,92630,CWA,No,,,True
AC COATING,1181 N FOUNTAIN WY,ANAHEIM,CA,92806,CWA,No,09/21/2018,,True
AC COATING,1181 N FOUNTAIN WY,ANAHEIM,CA,92806,CWA,No,,,True
Allied Freight Systems Inc,15100 HILOTON DRIVE,FONTANA,CA,92336,CWA,Yes,,,True
AC Mattress Manufacturer,7245 MADISON STREET,PARAMOUNT,CA,90723,CWA,Yes,10/28/2022,,True
Industrial Motoring,2273 E VIA BURTON ST,ANAHEIM,CA,92806,CWA,No,,,True
"AC Transit, Division 6, Hayward",1758 SABRE STREET,HAYWARD,CA,94545,CWA,No,,,True
AC Transit Central Maintenance,10626 INTERNATIONAL BLVD,OAKLAND,CA,94603,CWA,No,,,True
AC Transit Division 3,2016 MACDONALD AVE.,RICHMOND,CA,94801,CWA,No,08/28/2007,,True
AC Transit Division 3,2016 MACDONALD AVE,RICHMOND,CA,94801,CWA,No,,,True
AC Transit E Oakland Div 4,1100 SEMINARY AVE,OAKLAND,CA,94621,CWA,No,,,True
AC Transit Division 2,1177 47TH ST,EMERYVILLE,CA,94608,CWA,No,,,True
ACA Auto Salvage II,2091 STONEHURST DR,RIALTO,CA,92377,CWA,No,11/30/2023,,True
Acacia Apartments,1540 E ACACIA STREET,ONTARIO,CA,91761,CWA,No,,,True
House Of Pendragon Brewing Co.,4300 ACADEMY AVE,SANGER,CA,93657,CWA,No,,,True
Academy Doors,555 E MAITLAND STREET,ONTARIO,CA,91761,CWA,Yes,,,True
Academy Museum of Motion Pictures,6067 WILSHIRE,LOS ANGELES,CA,90036,CWA,No,,,True
Santa Monica College Center for Media & Design,1660 STEWART ST,SANTA MONICA,CA,90066,CWA,No,,,True
310 Moraga Rd,310 MORAGA RD,MORAGA,CA,94556,CWA,No,,,True
Acapulco Printing Services,124 N SULLIVAN ST,SANTA ANA,CA,92703,CWA,No,,,True
Acapulco Printing Services,124 N SULLIVAN ST,SANTA ANA,CA,92703,CWA,No,05/11/2023,,True
KRB7 & QXY9 & IUSJ Amazon Warehouse,861 WEST 4TH ST,BEAUMONT,CA,93063,CWA,No,02/26/2019,,True
Arcosa Crushed Concrete - Escondido Recycle Yard,8354 NELSON WAY,ESCONDIDO,CA,92026,CWA,No,,,True
Arcosa Crushed Concrete - Rialto Recycle Yard,250 E SANTA ANA AVE,RIALTO,CA,92316,CWA,No,,,True
Arcosa Crushed Concrete - Sun Valley Recycle Yard,9005 BRADLEY,SUN VALLEY,CA,91352,CWA,No,,,True
Accella Polyurethane Systems,8530 MILLIKEN AVENUE,RANCHO CUCAMONGA,CA,91730,CWA,No,,,True
Accion Construction,2217 W 2ND ST,SANTA ANA,CA,92703,CWA,No,,,True
13260 E Temple Ave,13260 EAST TEMPLE AVE,CITY OF INDUSTRY,CA,91746,CWA,No,,,True
13260 E Temple Ave,13260 EAST TEMPLE AVE,CITY OF INDUSTRY,CA,91746,CWA,No,,,True
1111 Abbott St,1111 ABBOTT STREET,SALINAS,CA,93901,CWA,No,,,True
Accu-Crome Plating Co,115 W 154TH ST,GARDENA,CA,90248,CWA,No,,,True
Accu-Crome Plating Co,115 W 154TH ST,ROSEWOOD,CA,90248,CWA,No,12/02/2019,,True
Accu-Logistics,2031 BURROUGHS AVE,SAN LEANDRO,CA,94577,CWA,No,,,True
ACCURATE ENGINEERING INC. Flex & Rigid-Flex PC BOARDS,8710 TELFAIR AVENUE,SUN VALLEY,CA,91352,CWA,No,10/09/2020,,True
Accurate Fabrication LLC,1728 W 166TH ST,GARDENA,CA,90247,CWA,No,06/04/2019,,True
Accurate Machine Shop,7356 TRADE ST,SAN DIEGO,CA,92121,CWA,No,,,True
Accurate Performance Machining,2255 S GRAND AVE,SANTA ANA,CA,92705,CWA,No,,,True
Accurate Steel Treating,10008 MILLER WAY,SOUTH GATE,CA,90280,CWA,No,,,True
Accurate Technology,1521 N PLACENTIA  AVE,ANAHEIM,CA,92806,CWA,No,,,True
Accu Tec Manufacturing,1027 SOUTH LINWOOD AVENUE,SANTA ANA,CA,92705,CWA,No,05/01/2019,,True
Accu Tec Manufacturing,1027 SOUTH LINWOOD AVENUE,SANTA ANA,CA,92705,CWA,No,12/03/2020,,True
"Accutek Packaging Equipment Company, Inc.",2685 SOUTH MELROSE DRIVE,VISTA,CA,92081,CWA,No,,,True
"Accutek Packaging Equipment Company, Inc.",2980 SCOTT STREET,VISTA,CA,92081,CWA,No,02/09/2022,,True
Ace auto dismantling,3209 EDISON HWY,BAKERSFIELD,CA,93307,CWA,No,,,True
Ace auto dismantling,3209 EDISON HWY,BAKERSFIELD,CA,93307,CWA,No,,,True
Ace Clearwater Enterprises Inc,7322 QUIMBY AVE,PARAMOUNT,CA,90723,CWA,Yes,,,True
Ace Clearwater Enterprises Inc,1614 KONA DR,COMPTON,CA,90220,CWA,Yes,08/27/2021,,True
ACE Clearwater Enterprises,19815 MAGELLAN DR,TORRANCE,CA,90502,CWA,No,09/13/2021,,True
Ace Ornamental,3920 VALLEY BOULEVARD,POMONA,CA,91768,CWA,No,11/14/2017,,True
Strand Ace Hardware-Manteca,20504 SOUTH HWY 99 FRONTGE RD,MANTECA,CA,95336,CWA,No,,,True
Ace Ornamental,4031 EAST MISSION BLVD,POMONA,CA,91766,CWA,No,,,True
Ace Ornamental,4031 EAST MISSION BLVD,MONTCLAIR,CA,91766,CWA,No,,,True
Ace Precision Tool,7611 SLATER AVE,HUNTINGTON BEACH,CA,92647,CWA,No,,,True
Ace Tube Bending,14 JOURNEY,ALISO VIEJO,CA,92656,CWA,No,,,True
3544 La Mancha Dr,3544 LA MANCHA DR,BREA,CA,92823,CWA,No,,,True
Anderson-Cottonwood Irrigation,2810SILVER,ANDERSON,CA,96007,CWA,No,,,True
"Acker-Stone Industries, Inc.",13296 TEMESCAL CANYON RD,CORONA,CA,92883,CWA,Yes,09/17/2019,,True
Ackley Metal Products,1311 E SAINT GERTRUDE PL,SANTA ANA,CA,92705,CWA,No,06/18/2018,,True
Ackley Metal Products,1311 EAST SAINT GERTRUDE PLACE,SANTA ANA,CA,92705,CWA,No,07/07/2022,,True
1000 El Camino Real,1000 EL CAMINO REAL,MILBRAE,CA,94030,CWA,No,,,True
Lanco Paints & Coatings - Orlando Manufacturing Plant,UNKNOWN,UNKNOWN,CA,00000,CWA,No,,,True
CelLink,1026 BRANSTEN RD,SAN CARLOS,CA,94070,CWA,No,,,True
"ACM Machining, Inc",11390 GOLD DREDGE WY,RANCHO CORDOVA,CA,95742,CWA,Yes,04/08/2025,111998,True
ACM Machining,3218 LUYUNG DRIVE,RANCHO CORDOVA,CA,95742,CWA,No,11/20/2023,,True
2586 Cortez St,2586 CORTEZ ST,OXNARD,CA,93036,CWA,No,03/25/2025,,True
Acme Foreign Auto Wreckers,305 SEBASTOPOL RD,SANTA ROSA,CA,95407,CWA,No,,,True
Acme Linen Co Inc,5340 HARBOR STREET,COMMERCE,CA,90040,CWA,No,,,True
ACME PCB Assembly,5340 HARBOR STREET,COMMERCE,CA,90040,CWA,No,,,True
ACN Recycling Industries,936 MAHAR AVENUE,WILMINGTON,CA,90744,CWA,No,09/19/2023,,True
Ancient Oak Cellars,P O BOX 2061,HEALDSBURG,CA,95448,CWA,No,,,True
Acorn-Gencon Plastics,13818 OAKS AVE,CHINO,CA,91710,CWA,No,,,True
Acorn Ridge Casino,17600 VILLAGE DRIVE,PLYMOUTH,CA,95669,CWA,No,05/15/2026,,True
Acosta Corporation,1000 W NORTH SHORE DRIVE,BIG BEAR CITY,CA,92314,CWA,No,,,True
Acosta Tool & Die,160 INDUSTRY AVE,LA HABRA,CA,90631,CWA,No,,,True
Acquiesce Winery,22353 N TRETHEWAY ROAD,ACAMPO,CA,95220,CWA,No,,,True
Acra Aerospace,2121 E VIA BURTON ST,ANAHEIM,CA,92806,CWA,No,,,True
Acra Machining,1620 SOUTH CARLOSE AVENUE # E,ONTARIO,CA,91761,CWA,No,,,True
Acre Pizza,1080  PETALUMA BLVD N.,PETALUMA,CA,94952,CWA,No,,,True
"Acro Associates, Inc.",1990 OLIVERA ROAD SUITE A,CONCORD,CA,94520,CWA,No,04/04/2019,,True
"ACRO Printing, Inc.",13301 PHILADELPHIA ST,WHITTIER,CA,90601,CWA,No,12/27/2017,,True
Acrylonics,656  STOCKTON AVE.,SAN JOSE,CA,95126,CWA,No,05/24/2019,,True
Action Arts Gym,7914 RONSON RD STE J,SAN DIEGO,CA,92111,CWA,No,,,True
Action Composites Technology,12576 KIRKHAM WAY SUITE 2,POWAY,CA,92064,CWA,No,,,True
Action Industries,1120 OLYMPIC DR,CORONA,CA,92881,CWA,No,,,True
Action Metal Recycling,385 PITTSBURG AVE,RICHMOND,CA,94801,CWA,No,02/25/2010,,True
Action Metal Recycling,385 PITTSBURG AVE,RICHMOND,CA,94801,CWA,No,06/27/2012,,True
Action Plastic,645 S SANTA FE,SANTA ANA,CA,92705,CWA,No,10/29/2019,,True
Action Plastic,645 SANTA FE ST,SANTA ANA,CA,92705,CWA,No,,,True
Action Plastics,10397 ALDER AVENUE,BLOOMINGTON,CA,92316,CWA,No,,,True
Action Plastic,645 S SANTA FE,SANTA ANA,CA,92705,CWA,No,,,True
US Circuit Inc,1480 SIMPSON WAY,ESCONDIDO,CA,92029,CWA,No,,,True
Action Recycling,8642 N OLIVE AVE,ORANGE,CA,92685,CWA,Yes,06/07/2018,,True
Action Recycling,8642 N OLIVE AVE,ORANGE,CA,92865,CWA,No,,,True
ActionPac - Innovative Automated Packaging Solutions,1621 FISKE PLACE,OXNARD,CA,93033,CWA,No,03/21/2019,,True
Activar Construction Products Group - West Coast Manufacturing & Warehouse,6285 RANDOLPH STREET,COMMERCE,CA,90040,CWA,No,02/09/2018,,True
Active Grinding Inc,871 S ROSE PL,ANAHEIM,CA,92805,CWA,No,,,True
Active Magnetic Inspection,9356 1/2 SAN FERNANDO,SUN VALLEY,CA,91352,CWA,No,02/07/2018,,True
Active Plating Inc,1411 E POMONA ST,SANTA ANA,CA,92705,CWA,No,,,True
Active Recycling,5601 W VALLEY BLVD,LOS ANGELES,CA,90032,CWA,Yes,06/26/2019,,True
Active Recycling,2000 W SLAUSON AVE,LOS ANGELES,CA,90047,CWA,Yes,12/31/2021,,True
Acton Faith Bible Church,32643 GEM WAY ACTON CA 93510,ACTON,CA,93510,CWA,No,04/26/2022,,True
Acuity Brands Inc,1405 EAST LOCUST STREET,ONTARIO,CA,91761,CWA,No,,,True
"Lighting Control & Design, Inc.",9144 DEERING AVE,CHATSWORTH,CA,91311,CWA,No,,,True
Saturn Fasteners,425 S VARNEY ST,BURBANK,CA,91502,CWA,No,,,True
Onsite Truck & Equipment Repair,8641 LIVE OAK AVE,FONTANA,CA,92335,CWA,No,,,True
A & D Precision Manufacturing,1140 N KRAEMER BLVD,ANAHEIM,CA,92806,CWA,No,,,True
Desert Hot Springs,VARIOUS STREETS,DESERT HOT SPRINGS,CA,92240,CWA,No,,,True
Desert Hot Springs,VARIOUS STREET,DESERT HOT SPRINGS,CA,92240,CWA,No,,,True
Landify ECT - Poway Reclamation,12320 STOWE DR SUITE B,POWAY,CA,92064,CWA,No,,,True
Adams & Chittenden Scientific,2741  EIGHTH ST.,BERKELEY,CA,94710,CWA,No,05/16/2019,,True
5547 Bandera St,5547 BANDERA ST,LOS ANGELES,CA,90058,CWA,Yes,02/03/2023,,True
Adams Campbell Co Ltd,15343 PROCTOR AVE,CITY OF INDUSTRY,CA,91745,CWA,Yes,,,True
Adam's Neon Signs,4354 TWAIN AVENUE,SAN DIEGO,CA,92120,CWA,No,,,True
Adams Pool Solutions,3675 OLD SANTA RITA ROAD,PLEASANTON,CA,94588,CWA,No,03/01/2023,,True
Adapt Automation Inc,1661 E PALM ST,SANTA ANA,CA,92701,CWA,No,06/18/2018,,True
ADCO by Covercraft,27615 AVENUE HOPKINS,SANTA CLARITA,CA,91355,CWA,No,08/23/2018,,True
Adcraft Labels,1230 S SHERMAN ST,ANAHEIM,CA,92805,CWA,No,,,True
Adcraft Labels,1230 S SHERMAN ST,ANAHEIM,CA,92805,CWA,No,,,True
Adcraft Labels,1230 S SHERMAN ST,ANAHEIM,CA,92833,CWA,No,10/29/2019,,True
2nd St & Hermosa Ave,2ND STREET/HERMOSA AVENUE,HERMOSA BEACH,CA,90254,CWA,No,,,True
Soil Safe of California,UNKNOWN,SAN BERNARDINO,CA,00000,CWA,No,08/14/2003,,True
Adelanto High School,"MOJAVE DR, RACCOON AVE, JOSHUA RD",EL MIRAGE,CA,92301,CWA,No,06/27/2011,,True
Adelanto Plaza & Event Center,8687 RANCHO ROAD,ADELANTO,CA,92301,CWA,No,,,True
19101 Jonathan St,19101 JONATHAN ST.,ADELANTO,CA,92301,CWA,No,,,True
Adelanto Water Department,19101 JONATHAN STREET,ADELANTO,CA,92301,CWA,No,,,True
Adel Wiggins Group,5000 TRIGGS ST,LOS ANGELES,CA,90022,CWA,No,,,True
"Adept Process Services, Inc.",1505 CLEVELAND AVE,NATIONAL CITY,CA,91950,CWA,No,,,True
"Adesa International, LLC",1440 S VINEYARD AVE,ONTARIO,CA,91761,CWA,No,03/10/2020,,True
12245 Adine Ct,12245 ADINE CT,GLEN ELLEN,CA,95442,CWA,No,11/09/2017,,True
ACC Precision,1621 PACIFIC AVE #128,OXNARD,CA,93033,CWA,No,,,True
Huhtamaki,3691 NOAKES STREET,LOS ANGELES,CA,90023,CWA,No,,,True
Adobe Lumber Inc,3 ADOBE CANYON,GLEN ELLEN,CA,95442,CWA,No,11/09/2017,,True
Glen Ellen,4 ADOBE CANYON,GLEN ELLEN,CA,95442,CWA,No,11/09/2017,,True
Adobe Canyon Rd,5,GLEN ELLEN,CA,95442,CWA,No,11/09/2017,,True
7 Adobe Canyon Rd,7 ADOBE CANYON,GLEN ELLEN,CA,95442,CWA,No,11/09/2017,,True
6 Adobe Canyon Rd,6 ADOBE CANYON,GLEN ELLEN,CA,95442,CWA,No,11/09/2017,,True
Adobe Canyon Rd,2 ADOBE CANYON,GLEN ELLEN,CA,95442,CWA,No,11/09/2017,,True
1 Adobe Canyon Rd,1 ADOBE CANYON,GLEN ELLEN,CA,95442,CWA,No,11/09/2017,,True
Sugarloaf Ridge State Park,8 ADOBE CANYON,GLEN ELLEN,CA,95442,CWA,No,11/09/2017,,True
SoCal Self Storage,4060 VIA PESCADOR,CAMARILLO,CA,93012,CWA,No,,,True
ADP Granite & Marble Designs Inc.,1565 LA MIRADA DR SUITE F,SAN MARCOS,CA,92078,CWA,Yes,01/25/2019,,True
Adrian's Storage,3800  NARVAEZ AVE UNIT.1,SAN JOSE,CA,95136,CWA,No,,,True
AdTech Photonics,18007 CORTNEY CT,CITY OF INDUSTRY,CA,91748,CWA,No,01/17/2018,,True
First commercially practicable integrated circuit,844 E CHARLESTON,PALO ALTO,CA,94303,CWA,No,,,True
Advance Fire Protection Co,1451 W LAMBERT RD,LA HABRA,CA,90631,CWA,No,,,True
Plastic Injection Molding | Advance Plastics,225 W 30TH STREET,NATIONAL CITY,CA,91950,CWA,No,07/01/2020,,True
Advanced Universal Tech,4035 SCHAEFER AVENUE,CHINO,CA,91710,CWA,No,,,True
Alioto's Auto Body - Formerly Advanced Auto Body Center,2497SECOND STREET,NAPA,CA,94559,CWA,No,,,True
Advanced Chemical Transport,2010 MISSION ROAD,SAN DIEGO,CA,92029,CWA,No,,,True
600 Iowa St,600 IOWA STREET,REDLANDS,CA,92373,CWA,No,,,True
Advanced Color Graphics,1921 S BUSINESS PKWY,ONTARIO,CA,91761,CWA,No,,,True
Advanced Exhibit Methods,1984 E MCFADDEN AVE,SANTA ANA,CA,92705,CWA,No,,,True
Advanced Fabrication & Machine,1805 E VIA BURTON ST,ANAHEIM,CA,92806,CWA,No,09/21/2018,,True
Advanced Fabrication & Machine,1805 EAST VIA BURTON,ANAHEIM,CA,92806,CWA,No,,,True
Advanced Image Direct,1415 S ACACIA AVE,FULLERTON,CA,92831,CWA,No,,,True
Advanced Industrial Ceramics,2449 ZANKER ROAD,SAN JOSE,CA,95131,CWA,No,,,True
Advanced Industrial Coatings,950 INDUSTRIAL DR,STOCKTON,CA,95206,CWA,No,,,True
Advanced Industrial Services Inc,7831 ALONDRA BOULEVARD,PARAMOUNT,CA,90723,CWA,No,,,True
Advanced Industrial Services,PARCELS 2 3 4 18 19 OF PARCEL MAP 11596,BAKERSFIELD,CA,93308,CWA,No,,,True
Kuehne + Nagel Inc.,9425 NEVADA STREET STE B,REDLANDS,CA,92374,CWA,No,,,True
Ingram,12510 MICRO DR,MIRA LOMA,CA,91752,CWA,No,,,True
Advanced Metal Fabrication Llc,624 CALLE PLANO,CAMARILLO,CA,93012,CWA,No,01/22/2018,,True
Advanced Metal Finishing,12972 EARHART AVE STE 301,AUBURN,CA,95602,CWA,No,05/07/2003,,True
Advanced Metal Finishing,2130 MARCH ROAD,ROSEVILLE,CA,95747,CWA,No,11/20/2023,,True
"V&P Scientific, Inc.",8830 REHCO RD STE B,SAN DIEGO,CA,92121,CWA,No,,,True
Advanced Mounting & Design INC,1231 N SIMON CIR,ANAHEIM,CA,92806,CWA,No,,,True
Advanced Mounting & Design INC,1231 N SIMON CIR,ANAHEIM,CA,92806,CWA,No,,,True
Advanced MRF,1533 WILSON AVE,NATIONAL CITY,CA,91950,CWA,No,07/08/2020,,True
Advanced Paper Forming,541 W RINCON ST,CORONA,CA,92880,CWA,No,,,True
Advanced Pattern & Molds,1720 S BALBOA AVENUE,ONTARIO,CA,91761,CWA,No,05/03/2018,,True
Advanced Precision Inc,13445 YORBA AVENUE,CHINO,CA,91710,CWA,No,,,True
Advanced Pressure Technology,687 TECHNOLOGY WAY,NAPA,CA,94558,CWA,No,,,True
Advanced Process Services,2746 VAIL AVENUE,COMMERCE,CA,90040,CWA,No,,,True
CMC Recycling,14451 WHITTRAM AVE,FONTANA,CA,92336,CWA,No,,,True
Advanced Sterilization Products (ASP),33 TECHNOLOGY DR,IRVINE,CA,92618,CWA,No,,,True
Advanced Structural Technologies,950 RICHMOND AVE,OXNARD,CA,93030,CWA,No,,,True
369 Cliffwood Park St,369 CLIFFWOOD PARK ST,BREA,CA,92821,CWA,No,,,True
Advanced Tooling Design Inc,2289  RINGWOOD AVE BLDG D.,SAN JOSE,CA,95131,CWA,No,,,True
Advanced Water Purification Facility,5700 PERKINS RD,OXNARD,CA,93030,CWA,No,01/13/2011,,True
Advanced Waterjet & Laser,1613 N ORANGETHORPE WAY,ANAHEIM,CA,92801,CWA,No,07/01/2021,,True
Plastic Injection Molding | Advance Plastics,225 WEST 30TH STREETCA 91950,NATIONAL CITY,CA,91950,CWA,No,07/01/2020,,True
"Advanex Americas, Inc.",19920 SOUTH ALAMEDA STREET,COMPTON,CA,90221,CWA,No,01/24/2018,,True
Advance Metal Products,19920 SOUTH ALAMEDA STREET,RANCHO DOMINGUEZ,CA,90221,CWA,No,,,True
Different Trend Inc,5780 CERRITOS AVE,CYPRESS,CA,90630,CWA,No,,,True
Different Trend Inc,5780 CERRITOS AVENUE,CYPRESS,CA,90630,CWA,No,10/29/2019,,True
Different Trend Inc,5780 CERRITOS AVE,CYPRESS,CA,90630,CWA,No,07/20/2023,,True
Advantage Metal Products,7855 SOUTHFRONT RD,LIVERMORE,CA,CA,CWA,No,,,True
Adventure Park,10130 SOUTH GUNN,WHITTIER,CA,90605,CWA,No,,,True
Adventure Park,10130 SOUTH GUNN,WHITTIER,CA,90605,CWA,No,,,True
Addventure Products Inc,8675 MIRALANI,SAN DIEGO,CA,92126,CWA,No,,,True
A & E Anodizing,652 CHARLES STREET SUITE A,SAN JOSE,CA,95112,CWA,No,05/18/2022,,True
Aef Freight USA Inc,15736 VALLEY BLVD,CITY OF INDUSTRY,CA,91744,CWA,No,,,True
10905 Beech Ave,10905 BEECH AVE,FONTANA,CA,92337,CWA,No,,,True
Econ World Trading,42744 BOSCELL RD,FREMONT,CA,94538,CWA,No,02/16/2024,,True
Aerie & OFFLINE,TTM 16882,CORONA DEL MAR,CA,92625,CWA,No,,,True
Aero Chrome Plating,14660 ARMINTA ST,PANORAMA CITY,CA,91402,CWA,No,02/10/2022,,True
Integral Aerospace,666 E DYER RD,SANTA ANA,CA,92705,CWA,No,,,True
Aero Dynamic Machining Inc,11791 MONARCH ST,GARDEN GROVE,CA,92841,CWA,No,04/24/2018,,True
Aero-Electric Connector Inc,19800 VAN NESS AVENUE,TORRANCE,CA,90501,CWA,No,05/01/2023,,True
Aero Engineering,28217 AVE CROCKER,VALENCIA,CA,91355,CWA,No,01/10/2018,,True
Aero Engineering,28217 AVE CROCKER,VALENCIA,CA,91355,CWA,No,,,True
Aero Industries,139 INDUSTRIAL WAY,BUELLTON,CA,93427,CWA,No,,,True
Aircraft Rubber Manufacturing,15730 SALT LAKE AVE,CITY OF INDUSTRY,CA,91745,CWA,No,,,True
Aero Powder Coating Inc.,710 MONTEREY PASS ROAD,MONTEREY PARK,CA,91754,CWA,No,08/09/2019,,True
Aerocut Manufacturing,2664 S GRAND AVE,SANTA ANA,CA,92705,CWA,No,,,True
Angelus Plating Works Inc,13629 ST ANDREWS PL,GARDENA,CA,90249,CWA,No,,,True
Aeroforming,15716 MINNESOTA AVE,PARAMOUNT,CA,92503,CWA,No,04/20/2021,,True
Aeroforming,15716 MINNESOTA AVENUE,PARAMOUNT,CA,90723,CWA,No,,,True
Aerojet Rocketdyne,AEROJET ROAD,SACRAMENTO,CA,95813-6000,CWA,Yes,06/09/2015,,True
Aerojet Rocketdyne,AEROJET ROAD,SACRAMENTO,CA,95670,CWA,No,02/11/2015,,True
Sea Berg Metal Fabricators Inc,25570 RYE CANYON ROAD,SANTA CRUZ,CA,91355,CWA,No,08/17/2018,,True
Aerotec Alloys Inc,10632 ALONDRA BLVD,NORWALK,CA,90650,CWA,No,,,True
AES Alamitos,690 NORTH STUDEBAKER,LONG BEACH,CA,90803,CWA,No,,,True
AES Alamitos,690 NORTH STUDEBAKER,LONG BEACH,CA,90803,CWA,No,,,True
Aroa Aesthetics,5506 ADOLFO ROAD,CAMARILLO,CA,93012,CWA,Yes,11/22/2022,,True
Aether Machining Inc. | Machine Shop in Anaheim,1146 N FOUNTAIN WAY #B,ANAHEIM,CA,92806,CWA,No,,,True
Aethercomm Inc: Defense Product Group,3205 LIONSHEAD AVENUE,CARLSBAD,CA,92010,CWA,No,08/14/2020,,True
AFAB Precision Machining,15709 GARFIELD AVE,PARAMOUNT,CA,90723,CWA,No,,,True
Afar USA,1248 ORANGETHORPE AVE,FULLERTON,CA,92831,CWA,No,,,True
AFC Hydraulic Seals,4926 S BOYLE AVE,VERNON,CA,90058,CWA,No,06/12/2025,,True
Affinity Flavors,2026 CECELIA CIRCLE,CORONA,CA,92881,CWA,No,01/05/2022,,True
Beattie Automotive,"2020 DONVILLE AVENUE, # B",SIMI VALLEY,CA,93065,CWA,No,07/07/2005,,True
1601 E Cooley Dr,1601 & 1801 COOLEY DRIVE,COLTON,CA,92374,CWA,No,,,True
Ashley Furniture Distribution Center,2250 WEST LUGONIA AVENUE,REDLANDS,CA,92374,CWA,No,05/19/2020,,True
Air Force Recruiting Office,2501 W SAN BERNARDINO AVENUE,REDLANDS,CA,92374,CWA,No,,,True
Ashley Store,755 ASHLEY WAY,COLTON,CA,92324,CWA,No,05/24/2021,,True
Ashley Outlet,1601 ASHLEY WAY,COLTON,CA,92324,CWA,No,,,True
Gold & Diamond Park,"GOLD & DIAMOND PARK, BUILDING #4, SUITE 226",DUBAI,XX,262206,CWA,No,,,True
AFTCO | American Fishing Tackle Company,2400 S GARNSEY ST,SANTA ANA,CA,92707,CWA,No,,,True
Afterthought Mine,"SEC 10,11&15, T33N, R2W",REDDING,CA,96008,CWA,No,07/12/2000,,True
Rancho Cordova Auto Dismantling,3513 RECYCLE ROAD,RANCHO CORDOVA,CA,95670,CWA,Yes,,,True
Aim Inc,110 BECKMAN RD,LODI,CA,95240,CWA,No,,,True
CYCLE-X Recycling Center,774 W OLIVE AVE,PORTERVILLE,CA,93257,CWA,No,,,True
CYCLE-X Recycling Center,774 W OLIVE AVE,PORTERVILLE,CA,93257,CWA,No,,,True
CYCLE-X Recycling Center,774 W OLIVE AVE,PORTERVILLE,CA,93257,CWA,Yes,12/18/2019,,True
Agape Christian Church,1919 BREA CANYON CUTOFF,ROWLAND,CA,91748,CWA,No,,,True
Age Nameplate,14423 MARQUARDT AVE,SANTA FE SPRINGS,CA,90670,CWA,No,,,True
Age Nameplate,14831 SPRING AVE,SANTA FE SPRINGS,CA,90670,CWA,No,07/21/2025,,True
JF Shea Construction Inc,17400 CLEAR CREEK RD,REDDING,CA,96001,CWA,No,,,True
"Agilent Technologies - Folsom, California",91 BLUE RAVINE RD,FOLSOM,CA,95630,CWA,No,,,True
"Agilent Technologies - Carpinteria, California",1170 MARK AVENUE,CARPINTERIA,CA,93013,CWA,No,,,True
"Agilent Technologies, Inc.",5301 STEVENS CREEK MS 510 35,SANTA CLARA,CA,95051,CWA,No,,,True
Agoura Business Center-Industrial Park,28721 CANWOOD ST.,AGOURA,CA,91301,CWA,No,,,True
Agoura Hills Business Park by Harbor Associates,28631 CANWOOD,AGOURA HILLS,CA,91301,CWA,No,,,True
Agoura Self Storage,29301 AGOURA ROAD,AGOURA HILLS,CA,91301,CWA,No,03/21/2018,,True
Agra Marketing Group,60 DECLARATION DRIVE STE A,OLIVEHURST,CA,95973,CWA,No,,,True
Agri-Chip,132 GARDEN ST,SANTA BARBARA,CA,93101,CWA,No,,,True
1Stop Office Furniture,1401 FACTOR AVE,SAN LEANDRO,CA,94577,CWA,No,,,True
Agriculture Bag Mfg,960 98TH AVE,OAKLAND,CA,94603,CWA,No,08/31/2023,,True
Anderson Valley Land Trust,10600 ANDERSON VALLEY WAY,BOONVILLE,CA,95415,CWA,No,,,True
Wilbur-Ellis Co,1085 EAST CALIFORNIA STREET,ONTARIO,CA,91761,CWA,No,,,True
8100 Chino-Corona Rd,8100 CHINO CORONA ROAD,CHINO,CA,91708,CWA,No,,,True
1200 Wilshire Rd,1200 WILSHIRE ROAD,FALLBROOK,CA,92028,CWA,No,,,True
Agromin Horticultural Products,6859 ARNOLD,OXNARD,CA,93033,CWA,No,05/09/2023,,True
Agron Bioenergy,860 W BEACH ST,WATSONVILLE,CA,95076,CWA,No,,,True
Argee Corporation,9920 PROSPECT AVENUE SUITE 105,SANTEE,CA,92071,CWA,No,,,True
Agua Caliente Band of Cahuilla Indians,AGUA CALIENTE INDIAN RESERVATION,RIVERSIDE,CA,92501,CWA,No,,,True
Agua Caliente Casino Cathedral City,68960 EAST PALM CANYON DRIVE,CATHEDRAL CITY,CA,92234,CWA,No,,,True
Agua Caliente Fuel,32-279 BOB HOPE DRIVE,RANCHO MIRAGE,CA,92270,CWA,No,,,True
Agua Caliente Fuel,68780 E. PALM CANYON DRIVE,CATHEDRAL CITY,CA,92234,CWA,No,,,True
Agua Caliente Fuel,999 LAWRENCE CROSSLEY ROAD,PALM SPRINGS,CA,92203,CWA,No,,,True
Agua Dulce Airpark,33638 AGUA DULCE CANYON RD,AGUA DULCE,CA,91390,CWA,Yes,,,True
Agua Mansa Permanent HHW Facility,AGUA MANSA RD AT WILSON RD,JURUPA VALLEY,CA,92509,CWA,No,,,True
Agua Mansa Properties,588 E AGUA MANSA ROAD,RIALTO,CA,92376,CWA,No,02/14/2019,,True
Auto Recycling of Wilmington,908 VREELAND AVE,WILMINGTON,CA,90744,CWA,No,,,True
Pires Dairy Farm,KNIEBES RD & ANDERSON RD,GUSTINE,CA,95322,CWA,No,04/30/1998,,True
Precision Custom Cabinets,581 N TWIN OAKS VALLEY RD,SAN MARCOS,CA,92069,CWA,No,,,True
Glacier Ridge Construction,301 ENTERPRISE STREET SUITE A B C,VISTA,CA,92078,CWA,No,,,True
301 Enterprise St,301 ENTERPRISE STREET,SAN MARCOS,CA,92078,CWA,No,,,True
AH Parts Dismantlers - parts for Honda Toyota Nissan & More!,3559 RECYCLE ROAD,RANCHO CORDOVA,CA,95742,CWA,No,05/10/2018,,True
A H Plating,1837 VICTORY PLACE,BURBANK,CA,91504,CWA,No,,,True
Aha Quin Resort,33300 U S HIGHWAY 95,BLYTHE,CA,92225,CWA,No,06/23/2005,,True
AheadTek,6410 VIA DEL ORO,SAN JOSE,CA,95119,CWA,No,,,True
Charles Ahlem Ranch,24093 AMERICAN AVE,HILMAR,CA,95324,CWA,No,03/15/2000,,True
Ahlem Farms,23546 AMERICAN AVE,HILMAR,CA,95324,CWA,No,03/15/2000,,True
CA-139,HWY 139 12 MILES S OF,ADIN,CA,96006,CWA,No,,,True
Ai Industries Inc,240 SOUTH VASCO ROAD,LIVERMORE,CA,94551,CWA,No,,,True
AIA Countertops,11070 MULBERRY AVE SUITE B,FONTANA,CA,92337,CWA,No,,,True
AIM Recycling Colton,785 E M STREET,COLTON,CA,92324,CWA,Yes,01/04/2022,,True
AIM Recycling Oceanside,1030A AIRPORT ROAD,OCEANSIDE,CA,90670,CWA,No,,,True
1813 E Robidoux St,1813 E ROBIDOUX STREET,WILMINGTON,CA,90744,CWA,No,02/08/2018,,True
AIM Recycling San Diego,981 HERITAGE ROAD,SAN DIEGO,CA,92154,CWA,No,03/17/2026,,True
AIM Recycling Hesperia,11099 G AVENUE,HESPERIA,CA,92345,CWA,No,06/23/2022,,True
AIM Recycling Santa Fe Springs,13750 E IMPERIAL HIGHWAY,SANTA FE SPRINGS,CA,90670,CWA,Yes,12/28/2017,,True
Air & Ground World Transport,3041 EAST VIA MONDO,RANCHO DOMINGUEZ,CA,90221,CWA,No,,,True
Air & Power Tool Specialists,12027 170TH STREET,ARTESIA,CA,90701,CWA,No,05/17/2021,,True
Air & Power Tool Specialists,12027 170TH ST,ARTESIA,CA,90701,CWA,No,08/07/2019,,True
ABC Ready Mix,601 W DELANO ST,ELVERTA,CA,95626,CWA,No,,,True
1351 Manhattan Ave,1351 MANHATTAN AVE,FULLERTON,CA,92831,CWA,No,,,True
Air Liquide Advanced Materials,46401 LANDING PARKWAY,FREMONT,CA,94538,CWA,No,03/12/2024,,True
Air Liquide America Corporation,1502 W ANAHEIM ST,LOS ANGELES,CA,90744,CWA,No,01/25/2018,,True
"Air Louvers, Inc.",6285 RANDOLPH ST,COMMERCE,CA,90040,CWA,No,08/24/2010,,True
Air One International Inc,13936 SOUTH BROADWAY,LOS ANGELES,CA,90061,CWA,No,06/06/2018,,True
98 Industrial Ct,98 INDUSTRIAL CT,GALT,CA,95632,CWA,No,07/18/2024,,True
Air Products & Chemicals Inc.,5025 83RD ST,SACRAMENTO,CA,95826,CWA,No,01/10/2020,,True
"Air Products and Chemicals, Inc",1515 NORMAN AVE,SANTA CLARA,CA,95054,CWA,No,08/28/2019,,True
"Aero-Flite, Inc - CIC",77 PIPER AVENUE,CHICO,CA,95973,CWA,No,,,True
Airborne Systems,3100 W. SEGERSTROM AVE,SANTA ANA,CA,92704,CWA,No,04/16/2019,,True
Airborne Systems,3701 W WARNER AVE,SANTA ANA,CA,92704,CWA,No,,,True
Airborne Systems,3000 W SEGERSTROM AVE,SANTA ANA,CA,92704,CWA,No,,,True
Aircapture,2629 SEVENTH ST,BERKELEY,CA,94710,CWA,No,,,True
10503 Armstrong Ave,10503 ARMSTRONG ROAD,MATHER,CA,95655,CWA,No,08/13/2002,,True
Airgas Store,3030 NAVY DRIVE,STOCKTON,CA,95206,CWA,No,,,True
Airgas Store,6801 FLORIN PERKINS RD,SACRAMENTO,CA,95828,CWA,No,,,True
Airgas Store,598 ROSS AVE,EL CENTRO,CA,92243,CWA,No,12/22/2022,,True
Airgas Store,352 W 133RD ST,LOS ANGELES,CA,90061,CWA,Yes,,,True
"Circle A Dairy, Airoso Dairy Family",UNKNOWN,UNKNOWN,CA,00000,CWA,No,03/16/2006,,True
Ace Metal Supply,21221 COTTONWOOD LANE,DIAMOND BAR,CA,91789,CWA,No,,,True
Airport Automotive,VIA DEL NORTE & AIRPORT RD & HWY 76,OCEANSIDE,CA,92054,CWA,No,,,True
6699 Airport Rd,6699 AIRPORT ROAD,REDDING,CA,96002,CWA,No,,,True
Airport Self Storage,3551 W FIFTH STREET,OXNARD,CA,93030,CWA,No,06/15/2021,,True
"Airtech International, Inc",6377 KIMBALL AVENUE,CHINO,CA,91708,CWA,No,,,True
AIRTECH ADVANCED MATERIALS GROUP,5700 SKYLAB ROAD,HUNTINGTON BEACH,CA,92647,CWA,No,03/01/2019,,True
814 Airway Pl,814 AIRWAY PLACE,HEMET,CA,92545,CWA,No,05/03/2018,,True
Airworld LLC,2111 N MARSHALL AVE EL CAJON CA,EL CAJON,CA,92020,CWA,No,,,True
2460 E 57th St,2460 57TH STREET,HUNTINGTON PARK,CA,90255,CWA,No,06/19/2018,,True
Auto Recycling of Wilmington,2223 E ANAHEIM STREET,WILMINGTON,CA,90744,CWA,No,,,True
Abba Glass LLC,2985 E MIRALOMA AVE,ANAHEIM,CA,92806,CWA,No,,,True
Abba Glass LLC,2985 E MIRALOMA AVE STE J,ANAHEIM,CA,92806,CWA,No,07/26/2021,,True
Ajax Auto Wrecking,84851 AVENUA 48,COACHELLA,CA,92236,CWA,No,,,True
PAVIMAR S.A.,"17TH KM NATIONAL ROAD, ATHENS-LAMIA & FOINIKOS ST",ATHENS,XX,14564,CWA,No,,,True
PCI Pharma Services,11040 ROSELLE ST,SAN DIEGO,CA,92121,CWA,No,,,True
PCI Pharma Services,11040 ROSELLE ST,SAN DIEGO,CA,92121,CWA,No,,,True
"Ajinomoto Foods North America, Inc.",8411 SIEMPRE VIVA RD,SAN DIEGO,CA,92154,CWA,No,,,True
AiLO Logistics,435 E WEBER AVENUE,COMPTON,CA,90222,CWA,No,,,True
Cavitt Stallman Rd,APN 035-050-073-000 CAVITT STALLMAN RD,GRANITE BAY,CA,95746,CWA,No,,,True
AIM Recycling Santa Fe Springs,1031 S SANTA FE AVENUE,COMPTON,CA,90221,CWA,No,,,True
A. K. Warren Water Resource Facility,24501 SOUTH FIGUEROA ST,CARSON,CA,90745,CWA,Yes,05/05/2025,,True
Akash Winery & Vineyard,39730 CALLE CONTENTO,TEMECULA,CA,92591,CWA,No,,,True
Akra Plastic Products,1504 E CEDAR STREET,ONTARIO,CA,91761,CWA,No,,,True
Al Bahr Shriners,11670 SUNRISE HIGHWAY,MOUNT LAGUNA,CA,91948,CWA,No,,,True
Specialty Medical,2680 POMONA BOULEVARD UNIT K,POMONA,CA,91768,CWA,No,07/25/2017,,True
"AL Industries, Inc.",1641 EAST SAINT GERTRUDE PLACE,SANTA ANA,CA,92705,CWA,No,,,True
Al Larson Boat Shop,"BERTH 258, 1046 SEASIDE AVENUE",TERMINAL ISLAND,CA,90731,CWA,No,05/15/2013,,True
Al-Mag Heat Treat,9735 ALPACA ST,SOUTH EL MONTE,CA,91733,CWA,Yes,12/15/2021,,True
Al Rohrs & Son Inc,1436 W SANTA ANA ST,ANAHEIM,CA,92802,CWA,No,,,True
A & L Tile Inc.,3722 MAIN ST,SAN DIEGO,CA,92113,CWA,Yes,,,True
Al's Custom Woodworking,22416 NORMANDIE AVENUE,TORRANCE,CA,90502,CWA,No,,,True
Al-Ca Machine Industry,2610 S CRODDY WY,SANTA ANA,CA,92704,CWA,No,06/18/2018,,True
Specialty Medical,2680 POMONA BLVD,POMONA,CA,91768,CWA,No,01/15/2019,,True
Alameda County Mosquito Abatement District,NOT APPLICABLE,LIVERMORE,CA,94550,CWA,No,,,True
"Alameda County Industries, Inc.",610 ALADDIN AVE,SAN LEANDRO,CA,94577,CWA,Yes,,,True
Alameda County Flood Control,ALAMEDA COUNTY,ALAMEDA,CA,94502,CWA,No,11/10/2001,,True
Alameda County Water District,NOT APPLICABLE,NOT APPLICABLE,CA,94538,CWA,No,,,True
Frito Lay Distribution Center,1450 S LOOP RD,ALAMEDA,CA,94502,CWA,No,11/01/2023,,True
Alameda Imports,9601 S ALAMEDA ST,LOS ANGELES,CA,90002,CWA,No,,,True
Alameda Landing Dentistry,2701 FIFTH STREET,ALAMEDA,CA,94501,CWA,No,,,True
Alameda Metals,10907 S ALAMEDA ST,LOS ANGELES,CA,90059,CWA,No,01/28/2010,,True
Corica Park Golf Course,1 CLUBHOUSE MEMORIAL DR ALAMEDA CA,ALAMEDA,CA,94502,CWA,No,07/09/2019,,True
"Naval Air Station, Alameda (NAS-Alameda)","2450 SARATOGA STREET, SUITE 200, ALAMEDA",ALAMEDA,CA,94510,CWA,No,,,True
"Atlas Iron & Metal Company, Inc | Scrap Recycling in Los Angeles",2241 E 89TH ST 8833 S ALAMEDA ST,LOS ANGELES,CA,90002,CWA,No,,,True
Downtown Metals & Recycling Center,2241 EAST 89TH STREET,LOS ANGELES,CA,90002,CWA,No,,111998,True
Alameda Recycling & Metals,1230 ALAMEDA ST,WILMINGTON,CA,90744,CWA,No,,,True
Alameda Public Works Department,ALAMEDA CITY LIMITS,ALAMEDA,CA,9999,CWA,No,05/07/2024,,True
Alameda Public Works Department,"ALAMEDA POINT, BLD 1, RM 110",ALAMEDA,CA,00000,CWA,No,,,True
Barnhart Crane & Rigging,15534 GARFIELD AVENUE,PARAMOUNT,CA,90723,CWA,No,,,True
Haynes Steam Plant | DWP,6801 2ND,LONG BEACH,CA,90803,CWA,No,11/09/2022,,True
Los Cerritos Channel,ALAMITOS BARRIER PROJECT (LOS CERRITOS CHANNEL),LONG BEACH,CA,90278,CWA,No,05/21/2025,,True
LB-M.U.S.T. Wetlands (LONG BEACH MUNICIPAL URBAN STORMWATER TREATMENT),SAN GABRIEL RIVER  ESTUARY,LONG BEACH,CA,90815,CWA,No,06/25/2025,,True
Los Alamitos,ALONG SAN GAB R & LOS ALAMI,LONG BEACH,CA,90815,CWA,No,06/16/2005,,True
Alamitos Bay Marina,205 MARINA DRIVE,LONG BEACH,CA,90803,CWA,No,10/31/2018,,True
AES Alamitos,690 NORTH STUDEBAKER ROAD,LONG BEACH,CA,90803,CWA,No,,,True
AES Alamitos,690 N STUDEBAKER RD,LONG BEACH,CA,90803,CWA,Yes,04/29/2025,,True
The Alamitos,2001 PACIFIC COAST HIGHWAY,SEAL BEACH,CA,90740,CWA,No,,,True
Alamitos Switchyard,692 NORTH STUDEBAKER,LONG BEACH,CA,90803,CWA,No,02/23/2022,,True
Alamo Creek Community Center,4510 CAMINO TASSAJARA,DANVILLE,CA,94501,CWA,No,,,True
Alamo Recycling,430 N BERRY ST,BREA,CA,92821,CWA,No,,,True
Alamo Rent A Car,2942 KETTNER BOULEVARD,SAN DIEGO,CA,92103,CWA,No,,,True
ALAMO SELF STORAGE,645 TANK FARM ROAD,SAN LUIS OBISPO,CA,93401,CWA,No,,,True
Ambrose Solar,14523 MELROSE AVE,ORO GRANDE,CA,92368,CWA,No,,,True
Alan Beels Surfboard Services,10639 ROSELLE ST.,SAN DIEGO,CA,92121,CWA,No,,,True
"South Bay Machining,LLC",1629 W 132ND ST,GARDENA,CA,90249,CWA,No,12/16/2024,,True
Alatus Aerosystems,17055 E GALE AVE,INDUSTRY,CA,91745,CWA,No,,,True
Alatus Aerosystems,423 BERRY WAY,BREA,CA,92821,CWA,No,,,True
Alatus Aerosystems,423 BERRY WY,BREA,CA,92821,CWA,No,10/05/2018,,True
Alatus,9301 MASON AVE,CHATSWORTH,CA,91311,CWA,No,10/01/2021,,True
Alatus Aerosystems,20415 WALNUT DR,WALNUT,CA,91789,CWA,No,12/04/2019,,True
City of Albany Public Works Department,ALBANY CITY LIMITS,ALBANY,CA,9999,CWA,No,07/23/2024,,True
Albany Bulb,BUCHANAN ST EXTENSION,ALBANY,CA,94706,CWA,No,04/09/2009,,True
Ferry Building,PIER 1 FERRY BUILDING,SAN FRANCISCO,CA,94111,CWA,No,,,True
Pier 45 Seafood,PIER 45 SHED B-4,SAN FRANCISCO,CA,94133,CWA,No,02/17/2011,424460,True
Alberhill Ranch,6455 ALBERHILL RANCH ROAD,LAKE ELSINORE,CA,92530,CWA,No,,,True
Alberhill Ranch,6455 ALBERHILL RANCH ROAD,LAKE ELSINORE,CA,92530,CWA,No,,,True
"Alberto Dairy, Not open to the public",UNKNOWN,UNKNOWN,CA,00000,CWA,No,,,True
Mello Dairy,2700 LLANO ROAD,SANTA ROSA,CA,95407,CWA,No,11/17/2011,,True
WRD Albert Robles Center for Water Recycling and Environmental Learning (ARC),4330 SAN GABRIEL RIVER PKWY,PICO RIVERA,CA,90660,CWA,No,,,True
WRD Albert Robles Center for Water Recycling and Environmental Learning (ARC),4320 SAN GABRIEL RIVER PARKWAY,PICO RIVERA,CA,90712,CWA,Yes,12/08/2023,,True
Alberto's Polishing & Refinish,1436 E WALNUT ST,PASADENA,CA,91106,CWA,No,06/14/2019,,True
Alberto's Polishing & Refinish,1436 WALNUT,PASADENA,CA,91106,CWA,No,10/23/2023,,True
Vons Milk and Bread Plant,3361 BOXFORD AVE,LOS ANGELES,CA,90040,CWA,Yes,01/05/2024,,True
Albini Family Vineyards,886 JENSEN LANE,WINDSOR,CA,95492,CWA,No,,,True
Al-Ca Machine Industry,2610 S CRODDY WY,SANTA ANA,CA,92704,CWA,No,03/11/2020,,True
Al-Ca Machine Industry,2610 S CRODDY WAY UNIT G,SANTA ANA,CA,92704,CWA,No,10/29/2019,,True
Alco Iron & Metals,1815 NAVY DR,STOCKTON,CA,95206,CWA,No,01/31/2019,,True
Alco Iron & Metals,2201 W WASHINGTON ST # 21,STOCKTON,CA,95203,CWA,No,09/25/2009,,True
ALCO Iron & Metal Sales,2140 DAVIS ST,SAN LEANDRO,CA,94577,CWA,No,02/13/2020,,True
Alco Water Service,NOT APPLICABLE,NOT APPLICABLE,CA,93905,CWA,No,,,True
"Alcoa Storage Corona, CA.",575 ALCOA CIR,CORONA,CA,92880,CWA,No,,,True
2159 E 92nd St,2159 EAST 92 STREET,LOS ANGELES,CA,90002,CWA,Yes,01/30/2023,,True
Signum Lux Corporation,1256 BROOKS STREET,ONTARIO,CA,91761,CWA,No,,,True
Santa Ana Ave & Alder Ave,BLOOMINGTON AVE,RIALTO,CA,92316,CWA,No,,,True
"Alder Moving Services, Fort Bragg",880 N FRANKLIN ST,FORT BRAGG,CA,95437,CWA,No,,,True
Alegria Community Living,774 CALLE DE SOTO,SAN MARCOS,CA,92069,CWA,No,,,True
Alejandra's Recycling,1424 COFFEE RD,MODESTO,CA,95355,CWA,No,,,True
12143 Branford St,12143 BRANFORD STREET,SUN VALLEY,CA,91352,CWA,No,01/22/2019,,True
Quidel Corporation Headquarters,9975 SUMMERS RIDGE ROAD,SAN DIEGO,CA,92121,CWA,No,,,True
AleSmith Brewing Company,9368 CABOT DR,SAN DIEGO,CA,92126,CWA,No,,,True
1665 S Rancho Santa Fe Rd E1,1665 SOUTH RANCHO SANTA FE SUITE E1,SAN MARCOS,CA,92078,CWA,No,08/12/2025,,True
Alexander's Mobility Services - Atlas Van Lines,2942 DOW AVE,TUSTIN,CA,92780,CWA,No,,,True
Alexandre Acres Dairy Barn,210 SAGE ROAD,FERNDALE,CA,95536,CWA,No,01/26/2024,,True
Alexandre Family Farm,8371 LOWER LAKE RD,CRESCENT CITY,CA,95531,CWA,No,06/24/2011,,True
Alexandre Family Farm,8371 LOWER LAKE ROAD,CRESCENT CITY,CA,95531,CWA,No,11/07/2012,,True
Alexandre Family Farm,2250 FRED HAIGHT DRIVE,CRESCENT CITY,CA,95531,CWA,No,06/23/2011,,True
Alexandre Family Farm,2250 FRED HAIGHT DRIVE (NO MAIL),SMITH RIVER,CA,95567,CWA,No,11/07/2012,,True
Alexandre Family Creamery,14710 WICKS BLVD,SAN LEANDRO,CA,94577,CWA,No,,,True
Julie's Dream Winery Distillery Vineyards,39820 CALLE CONTENTO,TEMECULA,CA,92591,CWA,No,,,True
ALF Auto Wreckers,13075 MONTEREY HIGHWAY,SAN MARTIN,CA,95046,CWA,No,,,True
ALF Auto Wreckers,13075 MONTEREY HWY,SAN MARTIN,CA,95046,CWA,No,,,True
Alfaro Family Vineyard-Winery,420 HAMES RD,CORRALITOS,CA,95076,CWA,No,,,True
Nunes Alfred C Dairy,5119 S. MORGAN RD.,TURLOCK,CA,95380,CWA,No,02/11/2009,,True
California Auto Wrecking Inc,9601 GLENOAKS BLVD,SUN VALLEY,CA,91352,CWA,No,,,True
Alfred Signs,14976 FOOTHILL BLVD,FONTANA,CA,92335,CWA,Yes,,,True
Alfredo's Auto Repair,2312 EAST 95TH STREET UNIT D,LOS ANGELES,CA,90002,CWA,No,,,True
Algeb CNC Machining,1653 PACIFIC AVE UNIT 305,OXNARD,CA,93033,CWA,No,10/20/2023,,True
"Alger Precision Machining, LLC",724 S BON VIEW AVE,ONTARIO,CA,91761,CWA,No,01/31/2024,,True
Alhambra Unified School District,1515 W MISSION RD,ALHAMBRA,CA,91803,CWA,Yes,04/26/2024,,True
"Alianza Recycling and Recovery, LLC",2301 GIBSON STREET,BAKERSFIELD,CA,93308,CWA,No,10/09/2019,,True
Mockingbird Canyon Riverside,MOCKINGBIRD CANYON ROAD AND MARIPOSA,RIVERSIDE,CA,92504,CWA,No,02/05/2018,,True
Alice Becker Inc,1124 RUBIE RD,CROWS LANDING,CA,95313,CWA,No,04/27/1998,,True
"ALIGN PRECISION - Anaheim, Plant I",7100 BELGRAVE AVENUE,GARDEN GROVE,CA,92841,CWA,No,,,True
Alisal Union School District,427 BARDIN RD,SALINAS,CA,93905,CWA,No,,,True
Aliso Canyon Oil Field,12801 TAMPA AVENUE,NORTHRIDGE,CA,91324,CWA,Yes,11/16/2021,,True
12801 Tampa Ave,12801 TAMPA AVE,LOS ANGELES,CA,91326,CWA,No,,,True
South Orange County Wastewater,34156 DEL OBISPO STREET,ORANGE COUNTY,CA,92629,CWA,Yes,05/09/2024,,True
All American Asphalt,13646 LIVE OAK LANE,IRWINDALE,CA,92878,CWA,Yes,02/20/2025,,True
"American Asphalt Repair & Resurfacing Company, Inc.",11549 BRADLEY AVE,SAN FERNANDO,CA,91340,CWA,Yes,11/09/2022,,True
All American Asphalt,10671 JEFFREY RD,IRVINE,CA,92602,CWA,No,,,True
"All American Asphalt, Westminster,CA",14490 EDWARDS ST,WESTMINSTER,CA,92683,CWA,No,,,True
All American Asphalt,1776 ALL AMERICAN WAY,CORONA,CA,92879,CWA,No,,,True
All American Metal Recyclers,45405 INDUSTRIAL PLACE,FREMONT,CA,94538,CWA,No,09/27/2019,,True
